Shipment_ID,Predicted_Delay_Days,Delay_Probability,Tier,Recommended_Action,Estimated_Cost_USD,Expected_Delay_After_Action_Days,Business_Impact_USD,Optimization_Status,Confidence_Score
SHP-102041,0.0,0.0026000000070780516,NO_ACTION_REQUIRED,No_Action_Required,0.0,0.0,0.0,Not_Required,0.013
SHP-101114,2.0999999046325684,0.12520000338554382,NO_ACTION_REQUIRED,No_Action_Required,0.0,2.0999999046325684,0.0,Not_Required,0.626
SHP-113902,3.299999952316284,0.5303999781608582,LOW_COST_MITIGATION,Delay_Launch,222.84,3.299999952316284,0.0,Heuristic_Optimal,0.652
SHP-111963,9.0,0.14810000360012054,NO_ACTION_REQUIRED,No_Action_Required,0.0,9.0,0.0,Not_Required,0.741
SHP-103002,1.899999976158142,0.004800000227987766,NO_ACTION_REQUIRED,No_Action_Required,0.0,1.899999976158142,0.0,Not_Required,0.024
SHP-103525,9.800000190734863,0.5058000087738037,LOW_COST_MITIGATION,Use_Safety_Stock,311.52,0.0,-311.52,Heuristic_Optimal,0.529
SHP-116296,6.5,0.02160000056028366,NO_ACTION_REQUIRED,No_Action_Required,0.0,6.5,0.0,Not_Required,0.108
SHP-112566,5.099999904632568,0.01209999993443489,NO_ACTION_REQUIRED,No_Action_Required,0.0,5.099999904632568,0.0,Not_Required,0.06
SHP-105252,0.10000000149011612,0.0008999999845400453,NO_ACTION_REQUIRED,No_Action_Required,0.0,0.10000000149011612,0.0,Not_Required,0.004
SHP-119393,5.300000190734863,0.07339999824762344,NO_ACTION_REQUIRED,No_Action_Required,0.0,5.300000190734863,0.0,Not_Required,0.367
SHP-116796,3.5,0.249099999666214,NO_ACTION_REQUIRED,No_Action_Required,0.0,3.5,0.0,Not_Required,0.755
SHP-100322,1.7000000476837158,0.004399999976158142,NO_ACTION_REQUIRED,No_Action_Required,0.0,1.7000000476837158,0.0,Not_Required,0.022
SHP-107459,3.5999999046325684,0.2800999879837036,NO_ACTION_REQUIRED,No_Action_Required,0.0,3.5999999046325684,0.0,Not_Required,0.6
SHP-119024,3.5,0.5285999774932861,LOW_COST_MITIGATION,Delay_Launch,0.0,3.5,0.0,Heuristic_Optimal,0.643
SHP-117553,9.699999809265137,0.39809998869895935,NO_ACTION_REQUIRED,No_Action_Required,0.0,9.699999809265137,0.0,Not_Required,0.01
SHP-116421,3.200000047683716,0.4260999858379364,LOW_COST_MITIGATION,Delay_Launch,0.0,3.200000047683716,0.0,Heuristic_Optimal,0.13
SHP-116060,0.800000011920929,0.024000000208616257,NO_ACTION_REQUIRED,No_Action_Required,0.0,0.800000011920929,0.0,Not_Required,0.12
SHP-119055,2.5999999046325684,0.06669999659061432,NO_ACTION_REQUIRED,No_Action_Required,0.0,2.5999999046325684,0.0,Not_Required,0.333
SHP-103941,2.9000000953674316,0.004100000020116568,NO_ACTION_REQUIRED,No_Action_Required,0.0,2.9000000953674316,0.0,Not_Required,0.021
SHP-117880,1.0,0.002300000051036477,NO_ACTION_REQUIRED,No_Action_Required,0.0,1.0,0.0,Not_Required,0.012
SHP-116675,3.200000047683716,0.45210000872612,LOW_COST_MITIGATION,Delay_Launch,0.0,3.200000047683716,0.0,Heuristic_Optimal,0.261
SHP-112630,2.700000047683716,0.02879999950528145,NO_ACTION_REQUIRED,No_Action_Required,0.0,2.700000047683716,0.0,Not_Required,0.144
SHP-112157,0.699999988079071,0.006399999838322401,NO_ACTION_REQUIRED,No_Action_Required,0.0,0.699999988079071,0.0,Not_Required,0.032
SHP-113835,0.30000001192092896,0.019500000402331352,NO_ACTION_REQUIRED,No_Action_Required,0.0,0.30000001192092896,0.0,Not_Required,0.098
SHP-117407,6.599999904632568,0.03139999881386757,NO_ACTION_REQUIRED,No_Action_Required,0.0,6.599999904632568,0.0,Not_Required,0.157
SHP-115440,6.400000095367432,0.11789999902248383,NO_ACTION_REQUIRED,No_Action_Required,0.0,6.400000095367432,0.0,Not_Required,0.589
SHP-116487,2.0,0.032099999487400055,NO_ACTION_REQUIRED,No_Action_Required,0.0,2.0,0.0,Not_Required,0.16
SHP-119730,3.9000000953674316,0.0737999975681305,NO_ACTION_REQUIRED,No_Action_Required,0.0,3.9000000953674316,0.0,Not_Required,0.369
SHP-113137,6.900000095367432,0.5889000296592712,LOW_COST_MITIGATION,Expedite_Manufacturing,511.06,2.9,1101.35,Heuristic_Optimal,0.555
SHP-103669,1.399999976158142,0.06870000064373016,NO_ACTION_REQUIRED,No_Action_Required,0.0,1.399999976158142,0.0,Not_Required,0.344
SHP-115983,0.800000011920929,0.06909999996423721,NO_ACTION_REQUIRED,No_Action_Required,0.0,0.800000011920929,0.0,Not_Required,0.345
SHP-104058,5.599999904632568,0.030799999833106995,NO_ACTION_REQUIRED,No_Action_Required,0.0,5.599999904632568,0.0,Not_Required,0.154
SHP-114976,7.300000190734863,0.2515999972820282,NO_ACTION_REQUIRED,No_Action_Required,0.0,7.300000190734863,0.0,Not_Required,0.742
SHP-115698,4.5,0.12809999287128448,NO_ACTION_REQUIRED,No_Action_Required,0.0,4.5,0.0,Not_Required,0.64
SHP-113419,6.5,0.2989000082015991,NO_ACTION_REQUIRED,No_Action_Required,0.0,6.5,0.0,Not_Required,0.505
SHP-117744,4.199999809265137,0.004100000020116568,NO_ACTION_REQUIRED,No_Action_Required,0.0,4.199999809265137,0.0,Not_Required,0.021
SHP-111263,7.800000190734863,0.2093999981880188,NO_ACTION_REQUIRED,No_Action_Required,0.0,7.800000190734863,0.0,Not_Required,0.953
SHP-115782,6.5,0.03680000081658363,NO_ACTION_REQUIRED,No_Action_Required,0.0,6.5,0.0,Not_Required,0.184
SHP-117196,5.199999809265137,0.5835999846458435,LOW_COST_MITIGATION,Delay_Launch,27.74,5.199999809265137,0.0,Heuristic_Optimal,0.582
SHP-110498,1.2999999523162842,0.0215000007301569,NO_ACTION_REQUIRED,No_Action_Required,0.0,1.2999999523162842,0.0,Not_Required,0.108
SHP-117059,7.199999809265137,0.043299999088048935,NO_ACTION_REQUIRED,No_Action_Required,0.0,7.199999809265137,0.0,Not_Required,0.216
SHP-117928,6.199999809265137,0.3767000138759613,NO_ACTION_REQUIRED,No_Action_Required,0.0,6.199999809265137,0.0,Not_Required,0.116
SHP-114753,2.299999952316284,0.06970000267028809,NO_ACTION_REQUIRED,No_Action_Required,0.0,2.299999952316284,0.0,Not_Required,0.349
SHP-104519,6.099999904632568,0.042399998754262924,NO_ACTION_REQUIRED,No_Action_Required,0.0,6.099999904632568,0.0,Not_Required,0.212
SHP-103024,6.099999904632568,0.040699999779462814,NO_ACTION_REQUIRED,No_Action_Required,0.0,6.099999904632568,0.0,Not_Required,0.203
SHP-112121,3.4000000953674316,0.16920000314712524,NO_ACTION_REQUIRED,No_Action_Required,0.0,3.4000000953674316,0.0,Not_Required,0.846
SHP-118494,0.20000000298023224,0.00039999998989515007,NO_ACTION_REQUIRED,No_Action_Required,0.0,0.20000000298023224,0.0,Not_Required,0.002
SHP-105483,0.0,0.0006000000284984708,NO_ACTION_REQUIRED,No_Action_Required,0.0,0.0,0.0,Not_Required,0.003
SHP-117617,0.800000011920929,0.003599999938160181,NO_ACTION_REQUIRED,No_Action_Required,0.0,0.800000011920929,0.0,Not_Required,0.018
SHP-114568,9.399999618530273,0.19370000064373016,NO_ACTION_REQUIRED,No_Action_Required,0.0,9.399999618530273,0.0,Not_Required,0.969
SHP-100980,4.699999809265137,0.6783999800682068,LOW_COST_MITIGATION,Delay_Launch,0.0,4.699999809265137,0.0,Heuristic_Optimal,0.108
SHP-102783,2.200000047683716,0.040300000458955765,NO_ACTION_REQUIRED,No_Action_Required,0.0,2.200000047683716,0.0,Not_Required,0.202
SHP-107713,7.699999809265137,0.1680999994277954,NO_ACTION_REQUIRED,No_Action_Required,0.0,7.699999809265137,0.0,Not_Required,0.84
SHP-111518,4.400000095367432,0.03620000183582306,NO_ACTION_REQUIRED,No_Action_Required,0.0,4.400000095367432,0.0,Not_Required,0.181
SHP-111640,2.700000047683716,0.3919000029563904,NO_ACTION_REQUIRED,No_Action_Required,0.0,2.700000047683716,0.0,Not_Required,0.04
SHP-118830,3.299999952316284,0.1152999997138977,NO_ACTION_REQUIRED,No_Action_Required,0.0,3.299999952316284,0.0,Not_Required,0.576
SHP-106384,3.700000047683716,0.014800000004470348,NO_ACTION_REQUIRED,No_Action_Required,0.0,3.700000047683716,0.0,Not_Required,0.074
SHP-104807,6.900000095367432,0.49900001287460327,LOW_COST_MITIGATION,Sea_Freight,3086.45,5.9,-3086.45,Heuristic_Optimal,0.495
SHP-106195,2.0999999046325684,0.007300000172108412,NO_ACTION_REQUIRED,No_Action_Required,0.0,2.0999999046325684,0.0,Not_Required,0.037
SHP-110648,2.200000047683716,0.00139999995008111,NO_ACTION_REQUIRED,No_Action_Required,0.0,2.200000047683716,0.0,Not_Required,0.007
SHP-101346,1.2999999523162842,0.0008999999845400453,NO_ACTION_REQUIRED,No_Action_Required,0.0,1.2999999523162842,0.0,Not_Required,0.004
SHP-113124,5.199999809265137,0.25450000166893005,NO_ACTION_REQUIRED,No_Action_Required,0.0,5.199999809265137,0.0,Not_Required,0.727
SHP-112673,4.099999904632568,0.1860000044107437,NO_ACTION_REQUIRED,No_Action_Required,0.0,4.099999904632568,0.0,Not_Required,0.93
SHP-102119,5.599999904632568,0.10719999670982361,NO_ACTION_REQUIRED,No_Action_Required,0.0,5.599999904632568,0.0,Not_Required,0.536
SHP-115304,0.5,0.0008999999845400453,NO_ACTION_REQUIRED,No_Action_Required,0.0,0.5,0.0,Not_Required,0.004
SHP-111013,1.899999976158142,0.015599999576807022,NO_ACTION_REQUIRED,No_Action_Required,0.0,1.899999976158142,0.0,Not_Required,0.078
SHP-104770,4.0,0.1657000035047531,NO_ACTION_REQUIRED,No_Action_Required,0.0,4.0,0.0,Not_Required,0.829
SHP-102712,2.5999999046325684,0.005200000014156103,NO_ACTION_REQUIRED,No_Action_Required,0.0,2.5999999046325684,0.0,Not_Required,0.026
SHP-110947,1.2999999523162842,0.09189999848604202,NO_ACTION_REQUIRED,No_Action_Required,0.0,1.2999999523162842,0.0,Not_Required,0.459
SHP-102545,5.699999809265137,0.03420000150799751,NO_ACTION_REQUIRED,No_Action_Required,0.0,5.699999809265137,0.0,Not_Required,0.171
SHP-112619,2.5999999046325684,0.023499999195337296,NO_ACTION_REQUIRED,No_Action_Required,0.0,2.5999999046325684,0.0,Not_Required,0.117
SHP-104410,10.199999809265137,0.2793000042438507,NO_ACTION_REQUIRED,No_Action_Required,0.0,10.199999809265137,0.0,Not_Required,0.603
SHP-119647,2.0,0.0017999999690800905,NO_ACTION_REQUIRED,No_Action_Required,0.0,2.0,0.0,Not_Required,0.009
SHP-112407,12.199999809265137,0.6567000150680542,LOW_COST_MITIGATION,Air_Freight,6413.48,1.5,-4225.2,Heuristic_Optimal,0.216
SHP-103570,2.0999999046325684,0.6083999872207642,LOW_COST_MITIGATION,Delay_Launch,0.0,2.0999999046325684,0.0,Heuristic_Optimal,0.458
SHP-104991,0.800000011920929,0.015200000256299973,NO_ACTION_REQUIRED,No_Action_Required,0.0,0.800000011920929,0.0,Not_Required,0.076
SHP-109325,1.399999976158142,0.01080000028014183,NO_ACTION_REQUIRED,No_Action_Required,0.0,1.399999976158142,0.0,Not_Required,0.054
SHP-102300,5.199999809265137,0.5891000032424927,LOW_COST_MITIGATION,Delay_Launch,0.0,5.199999809265137,0.0,Heuristic_Optimal,0.554
SHP-105804,5.0,0.18060000240802765,NO_ACTION_REQUIRED,No_Action_Required,0.0,5.0,0.0,Not_Required,0.903
SHP-112022,6.0,0.007600000128149986,NO_ACTION_REQUIRED,No_Action_Required,0.0,6.0,0.0,Not_Required,0.038
SHP-109757,3.5,0.10209999978542328,NO_ACTION_REQUIRED,No_Action_Required,0.0,3.5,0.0,Not_Required,0.51
SHP-112014,0.30000001192092896,0.0013000000035390258,NO_ACTION_REQUIRED,No_Action_Required,0.0,0.30000001192092896,0.0,Not_Required,0.007
SHP-111548,4.199999809265137,0.022700000554323196,NO_ACTION_REQUIRED,No_Action_Required,0.0,4.199999809265137,0.0,Not_Required,0.114
SHP-103975,8.399999618530273,0.3370000123977661,NO_ACTION_REQUIRED,No_Action_Required,0.0,8.399999618530273,0.0,Not_Required,0.315
SHP-116090,7.0,0.013399999588727951,NO_ACTION_REQUIRED,No_Action_Required,0.0,7.0,0.0,Not_Required,0.067
SHP-117232,2.799999952316284,0.24690000712871552,NO_ACTION_REQUIRED,No_Action_Required,0.0,2.799999952316284,0.0,Not_Required,0.765
SHP-115645,1.600000023841858,0.09319999814033508,NO_ACTION_REQUIRED,No_Action_Required,0.0,1.600000023841858,0.0,Not_Required,0.466
SHP-103298,2.0999999046325684,0.0031999999191612005,NO_ACTION_REQUIRED,No_Action_Required,0.0,2.0999999046325684,0.0,Not_Required,0.016
SHP-117410,1.7000000476837158,0.10260000079870224,NO_ACTION_REQUIRED,No_Action_Required,0.0,1.7000000476837158,0.0,Not_Required,0.513
SHP-115155,2.5,0.4163999855518341,LOW_COST_MITIGATION,Delay_Launch,0.0,2.5,0.0,Heuristic_Optimal,0.082
SHP-117276,3.4000000953674316,0.18559999763965607,NO_ACTION_REQUIRED,No_Action_Required,0.0,3.4000000953674316,0.0,Not_Required,0.928
SHP-106703,1.899999976158142,0.396699994802475,NO_ACTION_REQUIRED,No_Action_Required,0.0,1.899999976158142,0.0,Not_Required,0.017
SHP-101968,5.699999809265137,0.05270000174641609,NO_ACTION_REQUIRED,No_Action_Required,0.0,5.699999809265137,0.0,Not_Required,0.264
SHP-102112,3.0999999046325684,0.006000000052154064,NO_ACTION_REQUIRED,No_Action_Required,0.0,3.0999999046325684,0.0,Not_Required,0.03
SHP-112989,3.799999952316284,0.007199999876320362,NO_ACTION_REQUIRED,No_Action_Required,0.0,3.799999952316284,0.0,Not_Required,0.036
SHP-107277,4.699999809265137,0.42250001430511475,LOW_COST_MITIGATION,Delay_Launch,0.0,4.699999809265137,0.0,Heuristic_Optimal,0.113
SHP-106418,0.4000000059604645,0.006399999838322401,NO_ACTION_REQUIRED,No_Action_Required,0.0,0.4000000059604645,0.0,Not_Required,0.032
SHP-110431,7.400000095367432,0.6036999821662903,LOW_COST_MITIGATION,Expedite_Manufacturing,147.95,3.4,-147.95,Heuristic_Optimal,0.482
SHP-104629,4.900000095367432,0.06729999929666519,NO_ACTION_REQUIRED,No_Action_Required,0.0,4.900000095367432,0.0,Not_Required,0.336
SHP-108862,0.0,0.14229999482631683,NO_ACTION_REQUIRED,No_Action_Required,0.0,0.0,0.0,Not_Required,0.711
SHP-104667,2.200000047683716,0.00419999985024333,NO_ACTION_REQUIRED,No_Action_Required,0.0,2.200000047683716,0.0,Not_Required,0.021
SHP-114163,1.600000023841858,0.2468000054359436,NO_ACTION_REQUIRED,No_Action_Required,0.0,1.600000023841858,0.0,Not_Required,0.766
SHP-102195,3.700000047683716,0.27970001101493835,NO_ACTION_REQUIRED,No_Action_Required,0.0,3.700000047683716,0.0,Not_Required,0.601
SHP-114990,2.9000000953674316,0.22130000591278076,NO_ACTION_REQUIRED,No_Action_Required,0.0,2.9000000953674316,0.0,Not_Required,0.893
SHP-101077,1.5,0.004999999888241291,NO_ACTION_REQUIRED,No_Action_Required,0.0,1.5,0.0,Not_Required,0.025
SHP-105933,0.0,0.00139999995008111,NO_ACTION_REQUIRED,No_Action_Required,0.0,0.0,0.0,Not_Required,0.007
SHP-119717,3.200000047683716,0.2842000126838684,NO_ACTION_REQUIRED,No_Action_Required,0.0,3.200000047683716,0.0,Not_Required,0.579
SHP-113363,2.299999952316284,0.10159999877214432,NO_ACTION_REQUIRED,No_Action_Required,0.0,2.299999952316284,0.0,Not_Required,0.508
SHP-117020,2.799999952316284,0.11630000174045563,NO_ACTION_REQUIRED,No_Action_Required,0.0,2.799999952316284,0.0,Not_Required,0.582
SHP-109543,1.0,0.010099999606609344,NO_ACTION_REQUIRED,No_Action_Required,0.0,1.0,0.0,Not_Required,0.05
SHP-119094,4.800000190734863,0.039000000804662704,NO_ACTION_REQUIRED,No_Action_Required,0.0,4.800000190734863,0.0,Not_Required,0.195
SHP-113355,4.099999904632568,0.09470000118017197,NO_ACTION_REQUIRED,No_Action_Required,0.0,4.099999904632568,0.0,Not_Required,0.474
SHP-118631,2.9000000953674316,0.3059000074863434,NO_ACTION_REQUIRED,No_Action_Required,0.0,2.9000000953674316,0.0,Not_Required,0.47
SHP-107722,1.2999999523162842,0.4577000141143799,LOW_COST_MITIGATION,Delay_Launch,0.0,1.2999999523162842,0.0,Heuristic_Optimal,0.289
SHP-100812,1.2000000476837158,0.033399999141693115,NO_ACTION_REQUIRED,No_Action_Required,0.0,1.2000000476837158,0.0,Not_Required,0.167
SHP-111193,3.0,0.14869999885559082,NO_ACTION_REQUIRED,No_Action_Required,0.0,3.0,0.0,Not_Required,0.743
SHP-108510,10.899999618530273,0.5659000277519226,LOW_COST_MITIGATION,Rail_Freight,948.46,6.0,-374.21,Heuristic_Optimal,0.67
SHP-101692,2.5,0.007699999958276749,NO_ACTION_REQUIRED,No_Action_Required,0.0,2.5,0.0,Not_Required,0.038
SHP-102221,5.699999809265137,0.007600000128149986,NO_ACTION_REQUIRED,No_Action_Required,0.0,5.699999809265137,0.0,Not_Required,0.038
SHP-104693,2.299999952316284,0.16449999809265137,NO_ACTION_REQUIRED,No_Action_Required,0.0,2.299999952316284,0.0,Not_Required,0.822
SHP-105107,7.699999809265137,0.07769999653100967,NO_ACTION_REQUIRED,No_Action_Required,0.0,7.699999809265137,0.0,Not_Required,0.388
SHP-113480,5.300000190734863,0.05090000107884407,NO_ACTION_REQUIRED,No_Action_Required,0.0,5.300000190734863,0.0,Not_Required,0.255
SHP-101604,1.2000000476837158,0.00139999995008111,NO_ACTION_REQUIRED,No_Action_Required,0.0,1.2000000476837158,0.0,Not_Required,0.007
SHP-106311,0.699999988079071,0.013399999588727951,NO_ACTION_REQUIRED,No_Action_Required,0.0,0.699999988079071,0.0,Not_Required,0.067
SHP-100351,4.099999904632568,0.017000000923871994,NO_ACTION_REQUIRED,No_Action_Required,0.0,4.099999904632568,0.0,Not_Required,0.085
SHP-101530,5.099999904632568,0.01979999989271164,NO_ACTION_REQUIRED,No_Action_Required,0.0,5.099999904632568,0.0,Not_Required,0.099
SHP-113591,1.100000023841858,0.012900000438094139,NO_ACTION_REQUIRED,No_Action_Required,0.0,1.100000023841858,0.0,Not_Required,0.065
SHP-115215,6.0,0.050999999046325684,NO_ACTION_REQUIRED,No_Action_Required,0.0,6.0,0.0,Not_Required,0.255
SHP-100218,0.0,0.010999999940395355,NO_ACTION_REQUIRED,No_Action_Required,0.0,0.0,0.0,Not_Required,0.055
SHP-106813,2.5999999046325684,0.428600013256073,LOW_COST_MITIGATION,Delay_Launch,0.0,2.5999999046325684,0.0,Heuristic_Optimal,0.143
SHP-105357,4.800000190734863,0.020999999716877937,NO_ACTION_REQUIRED,No_Action_Required,0.0,4.800000190734863,0.0,Not_Required,0.105
SHP-114932,2.799999952316284,0.24230000376701355,NO_ACTION_REQUIRED,No_Action_Required,0.0,2.799999952316284,0.0,Not_Required,0.788
SHP-104740,10.699999809265137,0.3758000135421753,NO_ACTION_REQUIRED,No_Action_Required,0.0,10.699999809265137,0.0,Not_Required,0.121
SHP-107886,5.199999809265137,0.025499999523162842,NO_ACTION_REQUIRED,No_Action_Required,0.0,5.199999809265137,0.0,Not_Required,0.127
SHP-110035,0.0,0.004000000189989805,NO_ACTION_REQUIRED,No_Action_Required,0.0,0.0,0.0,Not_Required,0.02
SHP-103189,2.5999999046325684,0.007300000172108412,NO_ACTION_REQUIRED,No_Action_Required,0.0,2.5999999046325684,0.0,Not_Required,0.037
SHP-102325,1.5,0.37380000948905945,NO_ACTION_REQUIRED,No_Action_Required,0.0,1.5,0.0,Not_Required,0.131
SHP-110645,0.30000001192092896,0.0010999999940395355,NO_ACTION_REQUIRED,No_Action_Required,0.0,0.30000001192092896,0.0,Not_Required,0.005
SHP-119523,10.800000190734863,0.32019999623298645,NO_ACTION_REQUIRED,No_Action_Required,0.0,10.800000190734863,0.0,Not_Required,0.399
SHP-105743,2.9000000953674316,0.15960000455379486,NO_ACTION_REQUIRED,No_Action_Required,0.0,2.9000000953674316,0.0,Not_Required,0.798
SHP-114583,1.399999976158142,0.018400000408291817,NO_ACTION_REQUIRED,No_Action_Required,0.0,1.399999976158142,0.0,Not_Required,0.092
SHP-119257,2.5999999046325684,0.0364999994635582,NO_ACTION_REQUIRED,No_Action_Required,0.0,2.5999999046325684,0.0,Not_Required,0.182
SHP-111881,1.100000023841858,0.045099999755620956,NO_ACTION_REQUIRED,No_Action_Required,0.0,1.100000023841858,0.0,Not_Required,0.225
SHP-101027,11.300000190734863,0.28450000286102295,NO_ACTION_REQUIRED,No_Action_Required,0.0,11.300000190734863,0.0,Not_Required,0.577
SHP-104069,9.699999809265137,0.13539999723434448,NO_ACTION_REQUIRED,No_Action_Required,0.0,9.699999809265137,0.0,Not_Required,0.677
SHP-118572,9.399999618530273,0.29170000553131104,NO_ACTION_REQUIRED,No_Action_Required,0.0,9.399999618530273,0.0,Not_Required,0.541
SHP-115783,2.5999999046325684,0.009399999864399433,NO_ACTION_REQUIRED,No_Action_Required,0.0,2.5999999046325684,0.0,Not_Required,0.047
SHP-117648,4.800000190734863,0.01679999940097332,NO_ACTION_REQUIRED,No_Action_Required,0.0,4.800000190734863,0.0,Not_Required,0.084
SHP-110385,9.300000190734863,0.061900001019239426,NO_ACTION_REQUIRED,No_Action_Required,0.0,9.300000190734863,0.0,Not_Required,0.31
SHP-113670,0.699999988079071,0.0357000008225441,NO_ACTION_REQUIRED,No_Action_Required,0.0,0.699999988079071,0.0,Not_Required,0.179
SHP-101962,3.700000047683716,0.07039999961853027,NO_ACTION_REQUIRED,No_Action_Required,0.0,3.700000047683716,0.0,Not_Required,0.352
SHP-119874,3.200000047683716,0.6126000285148621,LOW_COST_MITIGATION,Delay_Launch,0.0,3.200000047683716,0.0,Heuristic_Optimal,0.437
SHP-101599,4.0,0.04039999842643738,NO_ACTION_REQUIRED,No_Action_Required,0.0,4.0,0.0,Not_Required,0.202
SHP-109675,0.0,0.07959999889135361,NO_ACTION_REQUIRED,No_Action_Required,0.0,0.0,0.0,Not_Required,0.398
SHP-110952,9.0,0.08429999649524689,NO_ACTION_REQUIRED,No_Action_Required,0.0,9.0,0.0,Not_Required,0.421
SHP-104333,2.9000000953674316,0.004699999932199717,NO_ACTION_REQUIRED,No_Action_Required,0.0,2.9000000953674316,0.0,Not_Required,0.023
SHP-106955,5.5,0.02759999968111515,NO_ACTION_REQUIRED,No_Action_Required,0.0,5.5,0.0,Not_Required,0.138
SHP-118821,4.699999809265137,0.2840999960899353,NO_ACTION_REQUIRED,No_Action_Required,0.0,4.699999809265137,0.0,Not_Required,0.58
SHP-115974,1.899999976158142,0.0210999995470047,NO_ACTION_REQUIRED,No_Action_Required,0.0,1.899999976158142,0.0,Not_Required,0.105
SHP-113722,3.4000000953674316,0.5299000144004822,LOW_COST_MITIGATION,Delay_Launch,0.0,3.4000000953674316,0.0,Heuristic_Optimal,0.65
SHP-115630,4.099999904632568,0.09309999644756317,NO_ACTION_REQUIRED,No_Action_Required,0.0,4.099999904632568,0.0,Not_Required,0.465
SHP-113589,2.5,0.020999999716877937,NO_ACTION_REQUIRED,No_Action_Required,0.0,2.5,0.0,Not_Required,0.105
SHP-114521,3.200000047683716,0.005100000184029341,NO_ACTION_REQUIRED,No_Action_Required,0.0,3.200000047683716,0.0,Not_Required,0.026
SHP-109770,6.699999809265137,0.013799999840557575,NO_ACTION_REQUIRED,No_Action_Required,0.0,6.699999809265137,0.0,Not_Required,0.069
SHP-113377,1.399999976158142,0.052000001072883606,NO_ACTION_REQUIRED,No_Action_Required,0.0,1.399999976158142,0.0,Not_Required,0.26
SHP-101034,10.800000190734863,0.3050000071525574,NO_ACTION_REQUIRED,No_Action_Required,0.0,10.800000190734863,0.0,Not_Required,0.475
SHP-116592,4.199999809265137,0.011699999682605267,NO_ACTION_REQUIRED,No_Action_Required,0.0,4.199999809265137,0.0,Not_Required,0.058
SHP-110979,0.699999988079071,0.00989999994635582,NO_ACTION_REQUIRED,No_Action_Required,0.0,0.699999988079071,0.0,Not_Required,0.049
SHP-102127,1.2999999523162842,0.003000000026077032,NO_ACTION_REQUIRED,No_Action_Required,0.0,1.2999999523162842,0.0,Not_Required,0.015
SHP-112187,1.100000023841858,0.002199999988079071,NO_ACTION_REQUIRED,No_Action_Required,0.0,1.100000023841858,0.0,Not_Required,0.011
SHP-105970,5.699999809265137,0.15160000324249268,NO_ACTION_REQUIRED,No_Action_Required,0.0,5.699999809265137,0.0,Not_Required,0.758
SHP-100993,4.699999809265137,0.03970000147819519,NO_ACTION_REQUIRED,No_Action_Required,0.0,4.699999809265137,0.0,Not_Required,0.199
SHP-115084,2.299999952316284,0.005799999926239252,NO_ACTION_REQUIRED,No_Action_Required,0.0,2.299999952316284,0.0,Not_Required,0.029
SHP-114845,5.199999809265137,0.030400000512599945,NO_ACTION_REQUIRED,No_Action_Required,0.0,5.199999809265137,0.0,Not_Required,0.152
SHP-114945,11.0,0.34779998660087585,NO_ACTION_REQUIRED,No_Action_Required,0.0,11.0,0.0,Not_Required,0.261
SHP-100447,0.6000000238418579,0.028999999165534973,NO_ACTION_REQUIRED,No_Action_Required,0.0,0.6000000238418579,0.0,Not_Required,0.145
SHP-117277,12.600000381469727,0.6431999802589417,LOW_COST_MITIGATION,Secondary_Supplier,1467.87,0.0,-170.69,Heuristic_Optimal,0.284
SHP-105453,7.099999904632568,0.05990000069141388,NO_ACTION_REQUIRED,No_Action_Required,0.0,7.099999904632568,0.0,Not_Required,0.3
SHP-103211,4.199999809265137,0.16120000183582306,NO_ACTION_REQUIRED,No_Action_Required,0.0,4.199999809265137,0.0,Not_Required,0.806
SHP-105561,3.0,0.003800000064074993,NO_ACTION_REQUIRED,No_Action_Required,0.0,3.0,0.0,Not_Required,0.019
SHP-118911,12.300000190734863,0.20659999549388885,NO_ACTION_REQUIRED,No_Action_Required,0.0,12.300000190734863,0.0,Not_Required,0.967
SHP-103210,0.5,0.0012000000569969416,NO_ACTION_REQUIRED,No_Action_Required,0.0,0.5,0.0,Not_Required,0.006
SHP-113813,1.2000000476837158,0.006200000178068876,NO_ACTION_REQUIRED,No_Action_Required,0.0,1.2000000476837158,0.0,Not_Required,0.031
SHP-110649,3.799999952316284,0.01899999938905239,NO_ACTION_REQUIRED,No_Action_Required,0.0,3.799999952316284,0.0,Not_Required,0.095
SHP-119544,12.600000381469727,0.28540000319480896,NO_ACTION_REQUIRED,No_Action_Required,0.0,12.600000381469727,0.0,Not_Required,0.573
SHP-111366,4.400000095367432,0.011599999852478504,NO_ACTION_REQUIRED,No_Action_Required,0.0,4.400000095367432,0.0,Not_Required,0.058
SHP-113079,4.099999904632568,0.6209999918937683,LOW_COST_MITIGATION,Delay_Launch,0.0,4.099999904632568,0.0,Heuristic_Optimal,0.395
SHP-117147,0.699999988079071,0.0015999999595806003,NO_ACTION_REQUIRED,No_Action_Required,0.0,0.699999988079071,0.0,Not_Required,0.008
SHP-119145,2.4000000953674316,0.1500999927520752,NO_ACTION_REQUIRED,No_Action_Required,0.0,2.4000000953674316,0.0,Not_Required,0.75
SHP-119183,4.099999904632568,0.017000000923871994,NO_ACTION_REQUIRED,No_Action_Required,0.0,4.099999904632568,0.0,Not_Required,0.085
SHP-104337,0.800000011920929,0.19470000267028809,NO_ACTION_REQUIRED,No_Action_Required,0.0,0.800000011920929,0.0,Not_Required,0.974
SHP-108117,7.699999809265137,0.053599998354911804,NO_ACTION_REQUIRED,No_Action_Required,0.0,7.699999809265137,0.0,Not_Required,0.268
SHP-107763,5.300000190734863,0.01810000091791153,NO_ACTION_REQUIRED,No_Action_Required,0.0,5.300000190734863,0.0,Not_Required,0.091
SHP-114012,0.10000000149011612,0.005499999970197678,NO_ACTION_REQUIRED,No_Action_Required,0.0,0.10000000149011612,0.0,Not_Required,0.027
SHP-100438,3.5999999046325684,0.24379999935626984,NO_ACTION_REQUIRED,No_Action_Required,0.0,3.5999999046325684,0.0,Not_Required,0.781
SHP-103269,0.4000000059604645,0.3330000042915344,NO_ACTION_REQUIRED,No_Action_Required,0.0,0.4000000059604645,0.0,Not_Required,0.335
SHP-109113,6.800000190734863,0.10700000077486038,NO_ACTION_REQUIRED,No_Action_Required,0.0,6.800000190734863,0.0,Not_Required,0.535
SHP-109440,2.200000047683716,0.03590000048279762,NO_ACTION_REQUIRED,No_Action_Required,0.0,2.200000047683716,0.0,Not_Required,0.18
SHP-101739,3.299999952316284,0.0925000011920929,NO_ACTION_REQUIRED,No_Action_Required,0.0,3.299999952316284,0.0,Not_Required,0.463
SHP-117085,6.599999904632568,0.12860000133514404,NO_ACTION_REQUIRED,No_Action_Required,0.0,6.599999904632568,0.0,Not_Required,0.643
SHP-115683,0.0,0.006200000178068876,NO_ACTION_REQUIRED,No_Action_Required,0.0,0.0,0.0,Not_Required,0.031
SHP-111037,0.8999999761581421,0.0017999999690800905,NO_ACTION_REQUIRED,No_Action_Required,0.0,0.8999999761581421,0.0,Not_Required,0.009
SHP-105746,0.8999999761581421,0.0019000000320374966,NO_ACTION_REQUIRED,No_Action_Required,0.0,0.8999999761581421,0.0,Not_Required,0.01
SHP-111584,0.0,0.014700000174343586,NO_ACTION_REQUIRED,No_Action_Required,0.0,0.0,0.0,Not_Required,0.074
SHP-106270,7.699999809265137,0.07649999856948853,NO_ACTION_REQUIRED,No_Action_Required,0.0,7.699999809265137,0.0,Not_Required,0.382
SHP-111378,0.5,0.005100000184029341,NO_ACTION_REQUIRED,No_Action_Required,0.0,0.5,0.0,Not_Required,0.026
SHP-106909,7.5,0.3149999976158142,NO_ACTION_REQUIRED,No_Action_Required,0.0,7.5,0.0,Not_Required,0.425
SHP-100738,6.0,0.0284000001847744,NO_ACTION_REQUIRED,No_Action_Required,0.0,6.0,0.0,Not_Required,0.142
SHP-101994,4.300000190734863,0.02710000053048134,NO_ACTION_REQUIRED,No_Action_Required,0.0,4.300000190734863,0.0,Not_Required,0.136
SHP-114926,7.599999904632568,0.0738999992609024,NO_ACTION_REQUIRED,No_Action_Required,0.0,7.599999904632568,0.0,Not_Required,0.369
SHP-117609,11.600000381469727,0.36500000953674316,NO_ACTION_REQUIRED,No_Action_Required,0.0,11.600000381469727,0.0,Not_Required,0.175
SHP-117436,5.699999809265137,0.29980000853538513,NO_ACTION_REQUIRED,No_Action_Required,0.0,5.699999809265137,0.0,Not_Required,0.501
SHP-103405,1.0,0.06610000133514404,NO_ACTION_REQUIRED,No_Action_Required,0.0,1.0,0.0,Not_Required,0.331
SHP-118466,2.5999999046325684,0.005900000222027302,NO_ACTION_REQUIRED,No_Action_Required,0.0,2.5999999046325684,0.0,Not_Required,0.03
SHP-108626,5.0,0.017000000923871994,NO_ACTION_REQUIRED,No_Action_Required,0.0,5.0,0.0,Not_Required,0.085
SHP-117818,0.0,0.0005000000237487257,NO_ACTION_REQUIRED,No_Action_Required,0.0,0.0,0.0,Not_Required,0.003
SHP-119580,9.0,0.12219999730587006,NO_ACTION_REQUIRED,No_Action_Required,0.0,9.0,0.0,Not_Required,0.611
SHP-119285,2.9000000953674316,0.558899998664856,LOW_COST_MITIGATION,Delay_Launch,0.0,2.9000000953674316,0.0,Heuristic_Optimal,0.706
SHP-102483,2.0999999046325684,0.00419999985024333,NO_ACTION_REQUIRED,No_Action_Required,0.0,2.0999999046325684,0.0,Not_Required,0.021
SHP-106885,0.0,0.006500000134110451,NO_ACTION_REQUIRED,No_Action_Required,0.0,0.0,0.0,Not_Required,0.033
SHP-115097,4.0,0.36890000104904175,NO_ACTION_REQUIRED,No_Action_Required,0.0,4.0,0.0,Not_Required,0.155
SHP-118684,2.4000000953674316,0.6366999745368958,LOW_COST_MITIGATION,Delay_Launch,0.0,2.4000000953674316,0.0,Heuristic_Optimal,0.317
SHP-100474,5.599999904632568,0.041999999433755875,NO_ACTION_REQUIRED,No_Action_Required,0.0,5.599999904632568,0.0,Not_Required,0.21
SHP-108608,3.799999952316284,0.015599999576807022,NO_ACTION_REQUIRED,No_Action_Required,0.0,3.799999952316284,0.0,Not_Required,0.078
SHP-105557,2.799999952316284,0.006899999920278788,NO_ACTION_REQUIRED,No_Action_Required,0.0,2.799999952316284,0.0,Not_Required,0.034
SHP-113948,3.200000047683716,0.6956999897956848,LOW_COST_MITIGATION,Delay_Launch,0.0,3.200000047683716,0.0,Heuristic_Optimal,0.022
SHP-108891,4.099999904632568,0.6693999767303467,LOW_COST_MITIGATION,Sea_Freight,606.58,3.5,154.62,Heuristic_Optimal,0.153
SHP-110422,3.4000000953674316,0.002300000051036477,NO_ACTION_REQUIRED,No_Action_Required,0.0,3.4000000953674316,0.0,Not_Required,0.012
SHP-114900,2.0999999046325684,0.05469999834895134,NO_ACTION_REQUIRED,No_Action_Required,0.0,2.0999999046325684,0.0,Not_Required,0.273
SHP-111226,7.199999809265137,0.025699999183416367,NO_ACTION_REQUIRED,No_Action_Required,0.0,7.199999809265137,0.0,Not_Required,0.128
SHP-119132,4.400000095367432,0.43540000915527344,LOW_COST_MITIGATION,Delay_Launch,0.0,4.400000095367432,0.0,Heuristic_Optimal,0.177
SHP-107920,5.599999904632568,0.48539999127388,LOW_COST_MITIGATION,Delay_Launch,0.0,5.599999904632568,0.0,Heuristic_Optimal,0.427
SHP-107911,2.0999999046325684,0.1704999953508377,NO_ACTION_REQUIRED,No_Action_Required,0.0,2.0999999046325684,0.0,Not_Required,0.852
SHP-110650,5.300000190734863,0.8792999982833862,FULL_OPTIMIZATION,Delay_Launch,0.0,5.300000190734863,0.0,Optimal,0.604
SHP-108668,9.800000190734863,0.9886999726295471,FULL_OPTIMIZATION,Expedite_Manufacturing,548.08,4.8,548.08,Optimal,0.057
SHP-111072,5.0,0.9031000137329102,FULL_OPTIMIZATION,Delay_Launch,0.0,5.0,0.0,Optimal,0.484
SHP-119771,6.699999809265137,0.9976000189781189,FULL_OPTIMIZATION,Delay_Launch,0.0,6.699999809265137,0.0,Optimal,0.012
SHP-108115,5.699999809265137,0.7856000065803528,FULL_OPTIMIZATION,Delay_Launch,0.0,5.699999809265137,0.0,Optimal,0.428
SHP-107879,7.300000190734863,0.9484999775886536,FULL_OPTIMIZATION,Delay_Launch,0.0,7.300000190734863,0.0,Optimal,0.258
SHP-116441,8.600000381469727,0.7680000066757202,FULL_OPTIMIZATION,Delay_Launch,293.78,8.600000381469727,587.56,Optimal,0.34
SHP-108094,4.900000095367432,0.9370999932289124,FULL_OPTIMIZATION,Delay_Launch,0.0,4.900000095367432,0.0,Optimal,0.315
SHP-109923,10.0,0.9998999834060669,FULL_OPTIMIZATION,Delay_Launch,73.77,10.0,147.54,Optimal,0.001
SHP-109119,9.0,0.9753000140190125,FULL_OPTIMIZATION,Secondary_Supplier,724.43,0.6,724.43,Optimal,0.123
SHP-110120,6.300000190734863,0.9962000250816345,FULL_OPTIMIZATION,Rail_Freight,1269.34,3.5,1271.78,Optimal,0.019
SHP-103649,6.699999809265137,0.9767000079154968,FULL_OPTIMIZATION,Rail_Freight,1812.17,3.7,1815.8,Optimal,0.116
SHP-111443,7.0,0.9945999979972839,FULL_OPTIMIZATION,Delay_Launch,0.0,7.0,0.0,Optimal,0.027
SHP-103434,3.799999952316284,0.9394000172615051,FULL_OPTIMIZATION,Delay_Launch,0.0,3.799999952316284,0.0,Optimal,0.303
SHP-118739,4.400000095367432,0.9771000146865845,FULL_OPTIMIZATION,Delay_Launch,0.0,4.400000095367432,0.0,Optimal,0.114
SHP-110406,6.699999809265137,0.9930999875068665,FULL_OPTIMIZATION,Use_Safety_Stock,120.96,0.0,120.96,Optimal,0.035
SHP-106517,7.599999904632568,0.8443999886512756,FULL_OPTIMIZATION,Delay_Launch,0.0,7.599999904632568,0.0,Optimal,0.722
SHP-100971,5.400000095367432,0.9933000206947327,FULL_OPTIMIZATION,Delay_Launch,0.0,5.400000095367432,0.0,Optimal,0.033
SHP-113829,3.9000000953674316,0.9409000277519226,FULL_OPTIMIZATION,Delay_Launch,0.0,3.9000000953674316,0.0,Optimal,0.295
SHP-100960,7.800000190734863,0.9725000262260437,FULL_OPTIMIZATION,Delay_Launch,0.0,7.800000190734863,0.0,Optimal,0.137
SHP-109864,1.399999976158142,0.8483999967575073,FULL_OPTIMIZATION,Delay_Launch,0.0,1.399999976158142,0.0,Optimal,0.742
SHP-107554,6.900000095367432,0.9794999957084656,FULL_OPTIMIZATION,Delay_Launch,0.0,6.900000095367432,0.0,Optimal,0.103
SHP-107085,7.300000190734863,0.9943000078201294,FULL_OPTIMIZATION,Delay_Launch,0.0,7.300000190734863,0.0,Optimal,0.028
SHP-101419,6.900000095367432,0.9959999918937683,FULL_OPTIMIZATION,Expedite_Manufacturing,3400.2,4.9,3400.2,Optimal,0.02
SHP-106209,16.100000381469727,0.9991999864578247,FULL_OPTIMIZATION,Air_Freight,2929.08,1.9,2966.33,Optimal,0.004
SHP-110742,5.5,0.9954000115394592,FULL_OPTIMIZATION,Sea_Freight,1914.85,4.7,1918.33,Optimal,0.023
SHP-116143,6.099999904632568,0.9952999949455261,FULL_OPTIMIZATION,Expedite_Manufacturing,403.0,1.1,403.0,Optimal,0.024
SHP-108600,4.199999809265137,0.8641999959945679,FULL_OPTIMIZATION,Delay_Launch,0.0,4.199999809265137,0.0,Optimal,0.679
SHP-112562,4.599999904632568,0.9222000241279602,FULL_OPTIMIZATION,Delay_Launch,0.0,4.599999904632568,0.0,Optimal,0.389
SHP-112751,6.0,0.9966999888420105,FULL_OPTIMIZATION,Secondary_Supplier,590.21,0.0,590.21,Optimal,0.017
SHP-107567,11.300000190734863,0.9563000202178955,FULL_OPTIMIZATION,Air_Freight,2277.65,1.4,2306.07,Optimal,0.218
SHP-116397,8.300000190734863,0.8809000253677368,FULL_OPTIMIZATION,Delay_Launch,30.09,8.300000190734863,60.18,Optimal,0.595
SHP-117524,6.800000190734863,0.9965000152587891,FULL_OPTIMIZATION,Use_Safety_Stock,231.0,0.0,231.0,Optimal,0.017
SHP-115455,13.399999618530273,0.9994999766349792,FULL_OPTIMIZATION,Delay_Launch,0.0,13.399999618530273,0.0,Optimal,0.003
SHP-114001,6.300000190734863,0.8892999887466431,FULL_OPTIMIZATION,Delay_Launch,0.0,6.300000190734863,0.0,Optimal,0.554
SHP-118621,7.800000190734863,0.9757000207901001,FULL_OPTIMIZATION,Delay_Launch,0.0,7.800000190734863,0.0,Optimal,0.121
SHP-104309,9.600000381469727,0.9599000215530396,FULL_OPTIMIZATION,Delay_Launch,182.35,9.600000381469727,364.7,Optimal,0.2
SHP-104484,5.099999904632568,0.9833999872207642,FULL_OPTIMIZATION,Delay_Launch,0.0,5.099999904632568,0.0,Optimal,0.083
SHP-112186,11.5,0.9995999932289124,FULL_OPTIMIZATION,Delay_Launch,258.44,11.5,516.88,Optimal,0.002
SHP-116615,8.100000381469727,0.9954000115394592,FULL_OPTIMIZATION,Expedite_Manufacturing,531.96,3.1,531.96,Optimal,0.023
SHP-109851,6.5,0.9941999912261963,FULL_OPTIMIZATION,Rail_Freight,4078.22,3.6,4086.79,Optimal,0.029
SHP-112344,5.699999809265137,0.7508000135421753,FULL_OPTIMIZATION,Delay_Launch,0.0,5.699999809265137,0.0,Optimal,0.254
SHP-109610,15.399999618530273,0.9991999864578247,FULL_OPTIMIZATION,Rail_Freight,1199.55,8.5,1440.82,Optimal,0.004
SHP-110718,13.100000381469727,0.9998000264167786,FULL_OPTIMIZATION,Delay_Launch,0.0,13.100000381469727,0.0,Optimal,0.001
SHP-107571,8.399999618530273,0.9951000213623047,FULL_OPTIMIZATION,Delay_Launch,53.28,8.399999618530273,106.56,Optimal,0.024
SHP-108602,10.100000381469727,0.8425999879837036,FULL_OPTIMIZATION,Secondary_Supplier,8384.2,0.0,8384.2,Optimal,0.713
SHP-103559,7.599999904632568,0.9836999773979187,FULL_OPTIMIZATION,Delay_Launch,0.0,7.599999904632568,0.0,Optimal,0.082
SHP-107439,6.199999809265137,0.9496999979019165,FULL_OPTIMIZATION,Secondary_Supplier,479.48,2.9,479.48,Optimal,0.252
SHP-107666,13.100000381469727,0.998199999332428,FULL_OPTIMIZATION,Delay_Launch,0.0,13.100000381469727,0.0,Optimal,0.009
SHP-115537,5.599999904632568,0.984499990940094,FULL_OPTIMIZATION,Use_Safety_Stock,369.72,0.0,369.72,Optimal,0.078
SHP-105211,13.899999618530273,0.7364000082015991,FULL_OPTIMIZATION,Delay_Launch,537.39,13.899999618530273,1074.78,Optimal,0.182
SHP-112366,7.800000190734863,0.9807000160217285,FULL_OPTIMIZATION,Secondary_Supplier,816.96,3.0,816.96,Optimal,0.096
SHP-109270,7.199999809265137,0.9968000054359436,FULL_OPTIMIZATION,Rail_Freight,2092.32,4.0,2096.56,Optimal,0.016
SHP-117443,5.800000190734863,0.8805999755859375,FULL_OPTIMIZATION,Delay_Launch,0.0,5.800000190734863,0.0,Optimal,0.597
SHP-113656,3.5,0.8414000272750854,FULL_OPTIMIZATION,Sea_Freight,815.41,3.0,816.49,Optimal,0.707
SHP-102730,9.800000190734863,0.9998000264167786,FULL_OPTIMIZATION,Use_Safety_Stock,1002.45,0.0,1002.45,Optimal,0.001
SHP-108956,9.199999809265137,0.9891999959945679,FULL_OPTIMIZATION,Delay_Launch,408.54,9.199999809265137,817.08,Optimal,0.054
SHP-104936,13.300000190734863,0.7452999949455261,FULL_OPTIMIZATION,Delay_Launch,0.0,13.300000190734863,0.0,Optimal,0.226
SHP-100878,13.0,0.9933000206947327,FULL_OPTIMIZATION,Rail_Freight,353.63,7.2,354.07,Optimal,0.033
SHP-119075,7.300000190734863,0.9987000226974487,FULL_OPTIMIZATION,Delay_Launch,0.0,7.300000190734863,0.0,Optimal,0.006
SHP-105709,9.199999809265137,0.9801999926567078,FULL_OPTIMIZATION,Air_Freight,4605.44,1.1,4665.4,Optimal,0.099
SHP-112078,7.599999904632568,0.9980999827384949,FULL_OPTIMIZATION,Delay_Launch,0.0,7.599999904632568,0.0,Optimal,0.01
SHP-106687,3.5999999046325684,0.8568000197410583,FULL_OPTIMIZATION,Delay_Launch,0.0,3.5999999046325684,0.0,Optimal,0.716
SHP-109982,11.899999618530273,0.9997000098228455,FULL_OPTIMIZATION,Delay_Launch,57.21,11.899999618530273,114.42,Optimal,0.001
SHP-119073,6.400000095367432,0.9900000095367432,FULL_OPTIMIZATION,Delay_Launch,0.0,6.400000095367432,0.0,Optimal,0.05
SHP-100385,5.900000095367432,0.8827999830245972,FULL_OPTIMIZATION,Delay_Launch,0.0,5.900000095367432,0.0,Optimal,0.586
SHP-104186,7.400000095367432,0.9955000281333923,FULL_OPTIMIZATION,Delay_Launch,0.0,7.400000095367432,0.0,Optimal,0.022
SHP-105345,9.800000190734863,0.9991999864578247,FULL_OPTIMIZATION,Use_Safety_Stock,468.0,0.0,468.0,Optimal,0.004
SHP-112634,16.200000762939453,0.9995999932289124,FULL_OPTIMIZATION,Rail_Freight,1700.33,8.9,1881.67,Optimal,0.002
SHP-106286,4.900000095367432,0.7538999915122986,FULL_OPTIMIZATION,Delay_Launch,0.0,4.900000095367432,0.0,Optimal,0.269
SHP-118512,5.300000190734863,0.9847000241279602,FULL_OPTIMIZATION,Delay_Launch,0.0,5.300000190734863,0.0,Optimal,0.076
SHP-108072,12.699999809265137,0.9004999995231628,FULL_OPTIMIZATION,Delay_Launch,0.0,12.699999809265137,0.0,Optimal,0.498
SHP-102848,5.199999809265137,0.916700005531311,FULL_OPTIMIZATION,Delay_Launch,0.0,5.199999809265137,0.0,Optimal,0.416
SHP-112791,7.0,0.9995999932289124,FULL_OPTIMIZATION,Delay_Launch,0.0,7.0,0.0,Optimal,0.002
SHP-105135,8.0,0.9668999910354614,FULL_OPTIMIZATION,Delay_Launch,0.0,8.0,0.0,Optimal,0.166
SHP-107434,5.199999809265137,0.9934999942779541,FULL_OPTIMIZATION,Delay_Launch,0.0,5.199999809265137,0.0,Optimal,0.033
SHP-116476,7.900000095367432,0.9850000143051147,FULL_OPTIMIZATION,Air_Freight,8068.69,0.9,8175.57,Optimal,0.075
SHP-100936,6.300000190734863,0.8476999998092651,FULL_OPTIMIZATION,Rail_Freight,1900.9,3.5,1904.72,Optimal,0.738
SHP-111965,2.5999999046325684,0.8014000058174133,FULL_OPTIMIZATION,Delay_Launch,0.0,2.5999999046325684,0.0,Optimal,0.507
SHP-106216,12.100000381469727,0.9988999962806702,FULL_OPTIMIZATION,Delay_Launch,0.0,12.100000381469727,0.0,Optimal,0.006
SHP-109459,7.5,0.975600004196167,FULL_OPTIMIZATION,Delay_Launch,0.0,7.5,0.0,Optimal,0.122
SHP-112527,7.900000095367432,0.9983000159263611,FULL_OPTIMIZATION,Delay_Launch,0.0,7.900000095367432,0.0,Optimal,0.008
SHP-115484,14.100000381469727,0.9998999834060669,FULL_OPTIMIZATION,Delay_Launch,14.71,14.100000381469727,29.42,Optimal,0.001
SHP-105792,7.800000190734863,0.9954000115394592,FULL_OPTIMIZATION,Delay_Launch,0.0,7.800000190734863,0.0,Optimal,0.023
SHP-112266,8.100000381469727,0.7671999931335449,FULL_OPTIMIZATION,Delay_Launch,22.42,8.100000381469727,44.84,Optimal,0.336
SHP-115757,14.899999618530273,0.9998999834060669,FULL_OPTIMIZATION,Secondary_Supplier,1305.25,1.7,1305.25,Optimal,0.001
SHP-110108,13.100000381469727,0.9994000196456909,FULL_OPTIMIZATION,Use_Safety_Stock,152.64,0.0,152.64,Optimal,0.003
SHP-104745,7.900000095367432,0.995199978351593,FULL_OPTIMIZATION,Delay_Launch,0.0,7.900000095367432,0.0,Optimal,0.024
SHP-117395,4.900000095367432,0.9837999939918518,FULL_OPTIMIZATION,Delay_Launch,0.0,4.900000095367432,0.0,Optimal,0.081
SHP-116863,3.4000000953674316,0.775600016117096,FULL_OPTIMIZATION,Delay_Launch,0.0,3.4000000953674316,0.0,Optimal,0.378
SHP-108213,8.199999809265137,0.9157000184059143,FULL_OPTIMIZATION,Expedite_Manufacturing,108.79,4.2,108.79,Optimal,0.421
SHP-101092,10.100000381469727,0.9578999876976013,FULL_OPTIMIZATION,Delay_Launch,0.0,10.100000381469727,0.0,Optimal,0.211
SHP-113884,8.100000381469727,0.9506999850273132,FULL_OPTIMIZATION,Rail_Freight,376.6,4.5,377.09,Optimal,0.247
SHP-109012,4.199999809265137,0.7803000211715698,FULL_OPTIMIZATION,Delay_Launch,0.0,4.199999809265137,0.0,Optimal,0.402
SHP-114782,9.0,0.9954000115394592,FULL_OPTIMIZATION,Expedite_Manufacturing,328.18,5.0,328.18,Optimal,0.023
SHP-111540,5.900000095367432,0.8041999936103821,FULL_OPTIMIZATION,Sea_Freight,622.73,5.0,623.39,Optimal,0.521
SHP-115729,9.100000381469727,0.9972000122070312,FULL_OPTIMIZATION,Delay_Launch,83.66,9.100000381469727,167.32,Optimal,0.014
SHP-113043,7.900000095367432,0.9352999925613403,FULL_OPTIMIZATION,Delay_Launch,0.0,7.900000095367432,0.0,Optimal,0.324
SHP-101453,7.5,0.9868999719619751,FULL_OPTIMIZATION,Delay_Launch,0.0,7.5,0.0,Optimal,0.066
SHP-102814,1.899999976158142,0.9099000096321106,FULL_OPTIMIZATION,Delay_Launch,0.0,1.899999976158142,0.0,Optimal,0.45
SHP-104973,9.100000381469727,0.98580002784729,FULL_OPTIMIZATION,Rail_Freight,584.04,5.0,584.99,Optimal,0.071
SHP-101182,4.5,0.9740999937057495,FULL_OPTIMIZATION,Rail_Freight,310.44,2.5,310.79,Optimal,0.13
SHP-103947,6.5,0.9987999796867371,FULL_OPTIMIZATION,Expedite_Manufacturing,235.29,2.5,235.29,Optimal,0.006
SHP-114480,8.899999618530273,0.9958999752998352,FULL_OPTIMIZATION,Delay_Launch,300.68,8.899999618530273,601.36,Optimal,0.021
SHP-119826,6.099999904632568,0.7050999999046326,FULL_OPTIMIZATION,Delay_Launch,0.0,6.099999904632568,0.0,Optimal,0.025
SHP-109623,8.100000381469727,0.9904000163078308,FULL_OPTIMIZATION,Delay_Launch,0.0,8.100000381469727,0.0,Optimal,0.048
SHP-101006,5.5,0.9527999758720398,FULL_OPTIMIZATION,Delay_Launch,0.0,5.5,0.0,Optimal,0.236
SHP-117725,6.0,0.8511000275611877,FULL_OPTIMIZATION,Use_Safety_Stock,151.8,0.0,151.8,Optimal,0.744
SHP-112680,16.299999237060547,0.9994999766349792,FULL_OPTIMIZATION,Rail_Freight,454.39,9.0,502.6,Optimal,0.003
SHP-114652,15.399999618530273,0.9361000061035156,FULL_OPTIMIZATION,Secondary_Supplier,648.37,0.0,648.37,Optimal,0.319
SHP-106650,6.199999809265137,0.7228999733924866,FULL_OPTIMIZATION,Expedite_Manufacturing,1583.79,1.2,1583.79,Optimal,0.114
SHP-104622,8.399999618530273,0.9506000280380249,FULL_OPTIMIZATION,Expedite_Manufacturing,436.1,4.4,436.1,Optimal,0.247
SHP-114046,4.699999809265137,0.9645000100135803,FULL_OPTIMIZATION,Delay_Launch,0.0,4.699999809265137,0.0,Optimal,0.177
SHP-112099,7.300000190734863,0.8970999717712402,FULL_OPTIMIZATION,Use_Safety_Stock,430.56,0.0,430.56,Optimal,0.515
SHP-108545,9.5,0.9962999820709229,FULL_OPTIMIZATION,Delay_Launch,0.0,9.5,0.0,Optimal,0.019
SHP-100695,5.800000190734863,0.7706999778747559,FULL_OPTIMIZATION,Delay_Launch,0.0,5.800000190734863,0.0,Optimal,0.353
SHP-119917,11.5,0.9976000189781189,FULL_OPTIMIZATION,Secondary_Supplier,2452.35,0.0,2452.35,Optimal,0.012
SHP-110842,15.699999809265137,0.8137999773025513,FULL_OPTIMIZATION,Air_Freight,4120.22,1.9,4173.6,Optimal,0.569
SHP-110421,12.5,0.7010999917984009,FULL_OPTIMIZATION,Air_Freight,3334.99,1.5,3377.73,Optimal,0.005
SHP-113225,9.0,0.7950999736785889,FULL_OPTIMIZATION,Secondary_Supplier,526.12,0.0,526.12,Optimal,0.475
SHP-108966,6.5,0.9876999855041504,FULL_OPTIMIZATION,Delay_Launch,0.0,6.5,0.0,Optimal,0.062
SHP-117653,8.600000381469727,0.9991999864578247,FULL_OPTIMIZATION,Expedite_Manufacturing,542.9,4.6,542.9,Optimal,0.004
SHP-119714,6.800000190734863,0.9957000017166138,FULL_OPTIMIZATION,Delay_Launch,0.0,6.800000190734863,0.0,Optimal,0.021
SHP-103971,10.0,0.9972000122070312,FULL_OPTIMIZATION,Secondary_Supplier,742.25,3.9,742.25,Optimal,0.014
SHP-110807,15.199999809265137,0.7829999923706055,FULL_OPTIMIZATION,Secondary_Supplier,1295.4,0.0,1295.4,Optimal,0.415
SHP-103778,4.599999904632568,0.9688000082969666,FULL_OPTIMIZATION,Delay_Launch,0.0,4.599999904632568,0.0,Optimal,0.156
SHP-106352,4.099999904632568,0.8715000152587891,FULL_OPTIMIZATION,Delay_Launch,0.0,4.099999904632568,0.0,Optimal,0.642
SHP-104007,10.399999618530273,0.7530999779701233,FULL_OPTIMIZATION,Use_Safety_Stock,57.66,0.0,57.66,Optimal,0.265
SHP-103776,9.100000381469727,0.9975000023841858,FULL_OPTIMIZATION,Air_Freight,7852.0,1.1,7955.94,Optimal,0.012
SHP-114104,10.399999618530273,0.9950000047683716,FULL_OPTIMIZATION,Delay_Launch,144.72,10.399999618530273,289.44,Optimal,0.025
SHP-108426,11.5,0.9980999827384949,FULL_OPTIMIZATION,Use_Safety_Stock,482.76,0.0,482.76,Optimal,0.01
SHP-113651,11.199999809265137,0.9017000198364258,FULL_OPTIMIZATION,Delay_Launch,0.0,11.199999809265137,0.0,Optimal,0.491
SHP-116533,9.699999809265137,0.9994000196456909,FULL_OPTIMIZATION,Use_Safety_Stock,109.08,0.0,109.08,Optimal,0.003
SHP-103752,8.600000381469727,0.7534999847412109,FULL_OPTIMIZATION,Air_Freight,2680.52,1.0,2714.4,Optimal,0.267
SHP-100606,5.5,0.98580002784729,FULL_OPTIMIZATION,Sea_Freight,1046.9,4.7,1048.49,Optimal,0.071
SHP-112998,4.400000095367432,0.9889000058174133,FULL_OPTIMIZATION,Delay_Launch,0.0,4.400000095367432,0.0,Optimal,0.055
SHP-116972,15.100000381469727,0.9997000098228455,FULL_OPTIMIZATION,Delay_Launch,9.17,15.100000381469727,18.34,Optimal,0.001
SHP-118366,5.800000190734863,0.9825999736785889,FULL_OPTIMIZATION,Delay_Launch,0.0,5.800000190734863,0.0,Optimal,0.087
SHP-108851,4.800000190734863,0.9728999733924866,FULL_OPTIMIZATION,Expedite_Manufacturing,530.44,0.8,530.44,Optimal,0.136
SHP-118408,10.699999809265137,0.9995999932289124,FULL_OPTIMIZATION,Air_Freight,2101.81,1.3,2127.85,Optimal,0.002
SHP-106600,3.0,0.8413000106811523,FULL_OPTIMIZATION,Delay_Launch,0.0,3.0,0.0,Optimal,0.707
SHP-117189,10.199999809265137,0.9994000196456909,FULL_OPTIMIZATION,Delay_Launch,0.0,10.199999809265137,0.0,Optimal,0.003
SHP-111605,8.600000381469727,0.9980999827384949,FULL_OPTIMIZATION,Delay_Launch,0.0,8.600000381469727,0.0,Optimal,0.01
SHP-100119,17.399999618530273,0.996999979019165,FULL_OPTIMIZATION,Air_Freight,6999.44,2.1,7091.83,Optimal,0.015
SHP-118553,8.699999809265137,0.8338000178337097,FULL_OPTIMIZATION,Air_Freight,1291.91,1.0,1306.97,Optimal,0.669
SHP-107293,2.9000000953674316,0.7031999826431274,FULL_OPTIMIZATION,Delay_Launch,0.0,2.9000000953674316,0.0,Optimal,0.016
SHP-110537,4.400000095367432,0.9674000144004822,FULL_OPTIMIZATION,Delay_Launch,0.0,4.400000095367432,0.0,Optimal,0.163
SHP-103481,6.900000095367432,0.9916999936103821,FULL_OPTIMIZATION,Secondary_Supplier,621.34,2.1,621.34,Optimal,0.042
SHP-100127,3.9000000953674316,0.928600013256073,FULL_OPTIMIZATION,Delay_Launch,0.0,3.9000000953674316,0.0,Optimal,0.357
SHP-113426,3.0,0.8137000203132629,FULL_OPTIMIZATION,Delay_Launch,0.0,3.0,0.0,Optimal,0.569
SHP-110610,16.100000381469727,0.9580000042915344,FULL_OPTIMIZATION,Delay_Launch,26.41,16.100000381469727,52.82,Optimal,0.21
SHP-115273,8.100000381469727,0.9426000118255615,FULL_OPTIMIZATION,Rail_Freight,951.24,4.5,952.99,Optimal,0.287
SHP-112822,5.599999904632568,0.9958000183105469,FULL_OPTIMIZATION,Delay_Launch,0.0,5.599999904632568,0.0,Optimal,0.021
SHP-103073,6.699999809265137,0.916700005531311,FULL_OPTIMIZATION,Delay_Launch,0.0,6.699999809265137,0.0,Optimal,0.416
SHP-102380,8.699999809265137,0.9455999732017517,FULL_OPTIMIZATION,Expedite_Manufacturing,179.63,4.7,179.63,Optimal,0.272
SHP-103461,6.599999904632568,0.9703999757766724,FULL_OPTIMIZATION,Use_Safety_Stock,240.87,0.0,240.87,Optimal,0.148
SHP-115231,12.0,0.9962999820709229,FULL_OPTIMIZATION,Rail_Freight,1001.54,6.6,1003.4,Optimal,0.019
SHP-107458,12.5,0.9998999834060669,FULL_OPTIMIZATION,Use_Safety_Stock,79.17,0.0,79.17,Optimal,0.001
SHP-115884,7.300000190734863,0.9041000008583069,FULL_OPTIMIZATION,Expedite_Manufacturing,338.52,2.3,338.52,Optimal,0.479
SHP-114970,9.699999809265137,0.9645000100135803,FULL_OPTIMIZATION,Delay_Launch,185.36,9.699999809265137,370.72,Optimal,0.177
SHP-100803,7.5,0.9706000089645386,FULL_OPTIMIZATION,Delay_Launch,0.0,7.5,0.0,Optimal,0.147
SHP-106482,4.900000095367432,0.9415000081062317,FULL_OPTIMIZATION,Delay_Launch,0.0,4.900000095367432,0.0,Optimal,0.292
SHP-118287,9.600000381469727,0.9790999889373779,FULL_OPTIMIZATION,Delay_Launch,0.0,9.600000381469727,0.0,Optimal,0.105
SHP-112521,13.699999809265137,0.996399998664856,FULL_OPTIMIZATION,Delay_Launch,234.65,13.699999809265137,469.3,Optimal,0.018
SHP-104448,9.699999809265137,0.9894000291824341,FULL_OPTIMIZATION,Delay_Launch,0.0,9.699999809265137,0.0,Optimal,0.053
SHP-100484,3.9000000953674316,0.9659000039100647,FULL_OPTIMIZATION,Delay_Launch,0.0,3.9000000953674316,0.0,Optimal,0.17
SHP-119411,4.900000095367432,0.9886999726295471,FULL_OPTIMIZATION,Delay_Launch,0.0,4.900000095367432,0.0,Optimal,0.057
