Supplier_ID,Product_Category,Max_Monthly_Capacity_Units,Current_Utilization_Units,Available_Capacity_Units
1001,Industrial_Equipment,11813,8020,3793
1001,Pharmaceuticals,6708,5276,1432
1001,Furniture,14541,6616,7925
91001,Food_Beverage,17051,7409,9642
91001,Pharmaceuticals,14997,6025,8972
91001,Electronics,5503,3303,2200
1002,Automotive_Parts,10119,5879,4240
1002,Apparel,17384,13940,3444
1002,Industrial_Equipment,15817,10971,4846
91002,Food_Beverage,18439,8111,10328
91002,Electronics,8664,7140,1524
91002,Industrial_Equipment,9323,7717,1606
1003,Automotive_Parts,10221,7553,2668
1003,Food_Beverage,10830,5034,5796
1003,Furniture,2568,1736,832
91003,Food_Beverage,8322,6649,1673
91003,Consumer_Goods,18581,11553,7028
91003,Apparel,16746,12522,4224
1005,Furniture,5554,4373,1181
1005,Electronics,12044,9707,2337
1005,Apparel,16815,13365,3450
91005,Automotive_Parts,18772,12334,6438
91005,Food_Beverage,4686,3056,1630
91005,Industrial_Equipment,9604,5322,4282
1007,Industrial_Equipment,3483,2171,1312
1007,Automotive_Parts,16999,11619,5380
1007,Electronics,17979,11406,6573
91007,Apparel,5766,4441,1325
91007,Furniture,8799,6357,2442
91007,Pharmaceuticals,5570,4132,1438
1008,Consumer_Goods,7238,5766,1472
1008,Industrial_Equipment,8108,6157,1951
1008,Automotive_Parts,15129,10576,4553
91008,Industrial_Equipment,9562,7326,2236
91008,Apparel,9082,5483,3599
91008,Electronics,15402,12585,2817
1009,Apparel,3906,1959,1947
1009,Pharmaceuticals,7668,4435,3233
1009,Automotive_Parts,17132,9890,7242
91009,Pharmaceuticals,16504,13249,3255
91009,Furniture,12932,8517,4415
91009,Apparel,3262,1990,1272
1013,Furniture,9175,5618,3557
1013,Apparel,7567,4732,2835
1013,Consumer_Goods,12475,7640,4835
91013,Industrial_Equipment,8144,6191,1953
91013,Consumer_Goods,12491,5859,6632
91013,Furniture,17365,11499,5866
1014,Apparel,6298,4422,1876
1014,Pharmaceuticals,5074,3196,1878
1014,Food_Beverage,6592,5450,1142
91014,Food_Beverage,19765,15687,4078
91014,Automotive_Parts,5224,4016,1208
91014,Electronics,4985,2066,2919
1016,Industrial_Equipment,14397,9210,5187
1016,Automotive_Parts,2446,1872,574
1016,Furniture,8981,6460,2521
91016,Pharmaceuticals,6139,2926,3213
91016,Electronics,12051,10091,1960
91016,Consumer_Goods,13570,6937,6633
1019,Food_Beverage,17490,8777,8713
1019,Furniture,7991,6759,1232
1019,Apparel,11057,4483,6574
91019,Automotive_Parts,16534,9257,7277
91019,Consumer_Goods,14016,6665,7351
91019,Pharmaceuticals,9386,6883,2503
1023,Food_Beverage,9082,7282,1800
1023,Automotive_Parts,18178,9715,8463
1023,Industrial_Equipment,2048,1330,718
91023,Consumer_Goods,10280,4951,5329
91023,Automotive_Parts,3027,2173,854
91023,Electronics,11533,7598,3935
1026,Industrial_Equipment,5149,3831,1318
1026,Electronics,17496,13161,4335
1026,Automotive_Parts,8490,4184,4306
91026,Consumer_Goods,2592,1299,1293
91026,Food_Beverage,2631,2043,588
91026,Apparel,15032,6559,8473
1028,Pharmaceuticals,17654,12610,5044
1028,Food_Beverage,11461,7292,4169
1028,Furniture,14134,9805,4329
91028,Furniture,7683,3323,4360
91028,Food_Beverage,12643,7590,5053
91028,Consumer_Goods,19006,13378,5628
1030,Industrial_Equipment,4912,3732,1180
1030,Electronics,5938,2505,3433
1030,Food_Beverage,17973,13288,4685
91030,Pharmaceuticals,11252,5815,5437
91030,Industrial_Equipment,11498,5204,6294
91030,Automotive_Parts,4433,1979,2454
1033,Apparel,5899,4196,1703
1033,Electronics,6297,4046,2251
1033,Consumer_Goods,14363,11788,2575
91033,Automotive_Parts,3352,2456,896
91033,Food_Beverage,6030,4709,1321
91033,Consumer_Goods,19792,13079,6713
1035,Pharmaceuticals,14230,10625,3605
1035,Food_Beverage,8064,5012,3052
1035,Consumer_Goods,19968,8538,11430
91035,Consumer_Goods,6405,3509,2896
91035,Furniture,12286,5930,6356
91035,Automotive_Parts,15158,7193,7965
1036,Food_Beverage,14483,6053,8430
1036,Electronics,9994,6510,3484
1036,Apparel,2509,1322,1187
91036,Automotive_Parts,18619,9859,8760
91036,Consumer_Goods,14148,6003,8145
91036,Food_Beverage,14224,11807,2417
1037,Food_Beverage,10373,5176,5197
1037,Industrial_Equipment,16951,12397,4554
1037,Furniture,16625,8310,8315
91037,Consumer_Goods,16875,11942,4933
91037,Industrial_Equipment,8357,5786,2571
91037,Pharmaceuticals,13577,7083,6494
1038,Automotive_Parts,16164,9615,6549
1038,Consumer_Goods,11790,6017,5773
1038,Pharmaceuticals,9888,4887,5001
91038,Furniture,3155,2351,804
91038,Consumer_Goods,14941,8532,6409
91038,Automotive_Parts,8776,5213,3563
1041,Pharmaceuticals,15644,12871,2773
1041,Industrial_Equipment,10343,6146,4197
1041,Apparel,13895,10233,3662
91041,Electronics,11455,6219,5236
91041,Furniture,11423,6701,4722
91041,Pharmaceuticals,3876,1766,2110
1042,Furniture,18752,7806,10946
1042,Industrial_Equipment,15502,9393,6109
1042,Automotive_Parts,13186,5394,7792
91042,Furniture,5902,3090,2812
91042,Apparel,4594,2931,1663
91042,Automotive_Parts,9223,3693,5530
1048,Apparel,11894,6518,5376
1048,Furniture,10451,5223,5228
1048,Electronics,11871,4877,6994
91048,Pharmaceuticals,4283,1995,2288
91048,Food_Beverage,17905,12138,5767
91048,Automotive_Parts,19662,13264,6398
1049,Food_Beverage,19541,9610,9931
1049,Industrial_Equipment,17632,10385,7247
1049,Pharmaceuticals,13215,7569,5646
91049,Food_Beverage,19947,11381,8566
91049,Furniture,14003,11700,2303
91049,Automotive_Parts,13677,5825,7852
1050,Automotive_Parts,14679,6857,7822
1050,Pharmaceuticals,11301,7945,3356
1050,Food_Beverage,11600,7021,4579
91050,Food_Beverage,17379,7221,10158
91050,Furniture,7001,5948,1053
91050,Apparel,14759,5953,8806
1053,Industrial_Equipment,3079,2048,1031
1053,Apparel,6596,4384,2212
1053,Electronics,14312,8076,6236
91053,Automotive_Parts,5737,3748,1989
91053,Furniture,14925,10448,4477
91053,Consumer_Goods,17874,10944,6930
1054,Industrial_Equipment,6403,2593,3810
1054,Automotive_Parts,4802,2401,2401
1054,Consumer_Goods,19759,15149,4610
91054,Furniture,9528,5202,4326
91054,Apparel,11695,9718,1977
91054,Industrial_Equipment,16370,12995,3375
1055,Apparel,4663,3781,882
1055,Industrial_Equipment,16320,8998,7322
1055,Electronics,11321,5328,5993
91055,Automotive_Parts,18452,14000,4452
91055,Electronics,13806,6148,7658
91055,Pharmaceuticals,19456,12967,6489
1056,Furniture,7768,4098,3670
1056,Electronics,4860,2344,2516
1056,Apparel,12329,7534,4795
91056,Consumer_Goods,18750,11767,6983
91056,Automotive_Parts,9208,6392,2816
91056,Apparel,16751,12052,4699
1057,Industrial_Equipment,13044,6850,6194
1057,Apparel,15388,10353,5035
1057,Consumer_Goods,3791,1629,2162
91057,Pharmaceuticals,11879,5608,6271
91057,Apparel,5704,4311,1393
91057,Consumer_Goods,12987,9997,2990
1060,Electronics,12134,7435,4699
1060,Furniture,16843,8329,8514
1060,Automotive_Parts,13792,11594,2198
91060,Consumer_Goods,12693,6475,6218
91060,Electronics,7053,3089,3964
91060,Furniture,15422,11543,3879
1061,Consumer_Goods,3431,2531,900
1061,Furniture,6645,5317,1328
1061,Pharmaceuticals,7272,5402,1870
91061,Furniture,14761,12202,2559
91061,Consumer_Goods,6477,3541,2936
91061,Automotive_Parts,3648,1844,1804
1063,Automotive_Parts,10536,6920,3616
1063,Food_Beverage,5150,2387,2763
1063,Furniture,7654,3980,3674
91063,Industrial_Equipment,8803,6650,2153
91063,Electronics,8803,4526,4277
91063,Food_Beverage,3160,1591,1569
1064,Electronics,13120,5277,7843
1064,Food_Beverage,7429,5096,2333
1064,Apparel,5317,3035,2282
91064,Food_Beverage,10052,7411,2641
91064,Apparel,5791,3517,2274
91064,Industrial_Equipment,19557,13477,6080
1065,Food_Beverage,17958,7971,9987
1065,Furniture,16849,12675,4174
1065,Consumer_Goods,13672,9250,4422
91065,Furniture,4729,2350,2379
91065,Industrial_Equipment,11078,7411,3667
91065,Pharmaceuticals,6858,4106,2752
1067,Apparel,8730,5244,3486
1067,Electronics,18450,8890,9560
1067,Furniture,9374,6835,2539
91067,Automotive_Parts,19352,14844,4508
91067,Pharmaceuticals,11705,9259,2446
91067,Electronics,15024,12140,2884
1068,Electronics,12958,6741,6217
1068,Pharmaceuticals,6297,2841,3456
1068,Automotive_Parts,5995,4176,1819
91068,Apparel,7692,3787,3905
91068,Industrial_Equipment,10361,6693,3668
91068,Food_Beverage,10165,8270,1895
1069,Food_Beverage,17304,14432,2872
1069,Automotive_Parts,4325,1822,2503
1069,Apparel,10378,4541,5837
91069,Automotive_Parts,5058,4192,866
91069,Consumer_Goods,5985,4977,1008
91069,Apparel,5517,4095,1422
1070,Apparel,7966,5503,2463
1070,Consumer_Goods,9901,8138,1763
1070,Electronics,5360,2871,2489
91070,Consumer_Goods,13816,8332,5484
91070,Apparel,10554,4979,5575
91070,Pharmaceuticals,13384,9408,3976
1071,Furniture,4919,2703,2216
1071,Apparel,16444,9938,6506
1071,Consumer_Goods,7962,3867,4095
91071,Automotive_Parts,4319,3066,1253
91071,Consumer_Goods,15194,8995,6199
91071,Apparel,18991,15297,3694
1072,Electronics,14984,11125,3859
1072,Industrial_Equipment,12281,5226,7055
1072,Pharmaceuticals,17175,12874,4301
91072,Furniture,5114,4337,777
91072,Automotive_Parts,3268,2523,745
91072,Electronics,3145,2163,982
1074,Industrial_Equipment,17451,8423,9028
1074,Electronics,8060,5394,2666
1074,Furniture,2014,1126,888
91074,Electronics,7971,3440,4531
91074,Pharmaceuticals,17342,14085,3257
91074,Consumer_Goods,3024,1634,1390
1077,Consumer_Goods,4566,3295,1271
1077,Food_Beverage,3398,2415,983
1077,Electronics,12814,5680,7134
91077,Consumer_Goods,12874,10865,2009
91077,Apparel,13853,9971,3882
91077,Electronics,14095,11882,2213
1078,Consumer_Goods,17606,9931,7675
1078,Furniture,14560,9147,5413
1078,Automotive_Parts,2078,1707,371
91078,Consumer_Goods,5127,2183,2944
91078,Food_Beverage,19835,14423,5412
91078,Apparel,3449,2720,729
1079,Apparel,5510,2270,3240
1079,Consumer_Goods,6411,4583,1828
1079,Electronics,11961,8271,3690
91079,Consumer_Goods,3693,1733,1960
91079,Furniture,12238,9088,3150
91079,Automotive_Parts,18772,15303,3469
1080,Consumer_Goods,18708,10991,7717
1080,Industrial_Equipment,3541,1516,2025
1080,Food_Beverage,2065,927,1138
91080,Furniture,14622,11051,3571
91080,Industrial_Equipment,19554,9110,10444
91080,Electronics,12623,9297,3326
1081,Consumer_Goods,7050,3868,3182
1081,Automotive_Parts,17043,13043,4000
1081,Apparel,6936,5146,1790
91081,Furniture,16541,11656,4885
91081,Consumer_Goods,10385,7182,3203
91081,Apparel,5507,3401,2106
1082,Pharmaceuticals,11329,5041,6288
1082,Furniture,11257,5174,6083
1082,Apparel,4956,4110,846
91082,Apparel,7797,6270,1527
91082,Furniture,19031,15484,3547
91082,Food_Beverage,12133,6490,5643
1083,Furniture,8219,6253,1966
1083,Electronics,13023,7978,5045
1083,Food_Beverage,17829,14924,2905
91083,Furniture,10801,4501,6300
91083,Food_Beverage,6966,3104,3862
91083,Pharmaceuticals,16472,8877,7595
1084,Pharmaceuticals,3427,2444,983
1084,Furniture,7363,4525,2838
1084,Apparel,3291,1817,1474
91084,Pharmaceuticals,15741,13036,2705
91084,Apparel,7850,6530,1320
91084,Electronics,4523,3019,1504
1085,Apparel,14674,11283,3391
1085,Consumer_Goods,5232,3348,1884
1085,Industrial_Equipment,10702,5840,4862
91085,Furniture,2604,1364,1240
91085,Industrial_Equipment,3845,1868,1977
91085,Electronics,3696,2540,1156
1087,Apparel,3623,2155,1468
1087,Electronics,10335,7484,2851
1087,Consumer_Goods,8349,5515,2834
91087,Apparel,19393,14357,5036
91087,Pharmaceuticals,19220,11832,7388
91087,Food_Beverage,10945,4508,6437
1090,Food_Beverage,6606,5613,993
1090,Pharmaceuticals,3528,1486,2042
1090,Electronics,14936,6390,8546
91090,Pharmaceuticals,3288,2696,592
91090,Apparel,16506,10658,5848
91090,Electronics,18864,12780,6084
1091,Food_Beverage,15274,6809,8465
1091,Pharmaceuticals,3744,2021,1723
1091,Automotive_Parts,3540,1435,2105
91091,Pharmaceuticals,16424,11035,5389
91091,Industrial_Equipment,5605,3267,2338
91091,Food_Beverage,17243,13483,3760
1095,Pharmaceuticals,18994,9947,9047
1095,Consumer_Goods,14478,7372,7106
1095,Industrial_Equipment,2471,1396,1075
91095,Apparel,17896,9512,8384
91095,Furniture,18248,10092,8156
91095,Automotive_Parts,11373,8754,2619
1098,Furniture,11053,7763,3290
1098,Apparel,16915,11254,5661
1098,Automotive_Parts,16319,12210,4109
91098,Furniture,4089,1706,2383
91098,Automotive_Parts,2421,1508,913
91098,Apparel,7920,4437,3483
1101,Pharmaceuticals,14202,9943,4259
1101,Furniture,17514,9734,7780
1101,Food_Beverage,7725,5124,2601
91101,Apparel,7945,5659,2286
91101,Consumer_Goods,7925,3651,4274
91101,Industrial_Equipment,13653,8170,5483
1105,Consumer_Goods,17392,8233,9159
1105,Food_Beverage,8548,5051,3497
1105,Electronics,11130,4502,6628
91105,Consumer_Goods,19176,10144,9032
91105,Pharmaceuticals,4496,3664,832
91105,Food_Beverage,17592,11444,6148
1107,Pharmaceuticals,11881,9802,2079
1107,Apparel,11405,5940,5465
1107,Consumer_Goods,9906,4578,5328
91107,Automotive_Parts,2510,1840,670
91107,Consumer_Goods,17537,7604,9933
91107,Apparel,18684,8399,10285
1108,Electronics,3238,2511,727
1108,Pharmaceuticals,9925,8021,1904
1108,Consumer_Goods,11421,9080,2341
91108,Pharmaceuticals,6530,4098,2432
91108,Consumer_Goods,15020,10461,4559
91108,Industrial_Equipment,3814,1755,2059
1109,Food_Beverage,7391,3728,3663
1109,Consumer_Goods,9830,7412,2418
1109,Pharmaceuticals,13160,5603,7557
91109,Industrial_Equipment,8160,5683,2477
91109,Electronics,3975,1865,2110
91109,Automotive_Parts,9247,5898,3349
1110,Consumer_Goods,18637,14345,4292
1110,Electronics,15090,9822,5268
1110,Food_Beverage,12125,10222,1903
91110,Apparel,12114,6637,5477
91110,Industrial_Equipment,9979,4023,5956
91110,Automotive_Parts,7802,5214,2588
1112,Food_Beverage,2727,1537,1190
1112,Furniture,3832,2113,1719
1112,Apparel,17821,12574,5247
91112,Automotive_Parts,16789,11942,4847
91112,Industrial_Equipment,16629,6659,9970
91112,Consumer_Goods,12066,5016,7050
1116,Food_Beverage,18876,15214,3662
1116,Electronics,2554,1931,623
1116,Industrial_Equipment,2367,1427,940
91116,Industrial_Equipment,7187,5304,1883
91116,Furniture,3655,2481,1174
91116,Automotive_Parts,16274,8715,7559
1117,Automotive_Parts,9905,5954,3951
1117,Food_Beverage,16283,9513,6770
1117,Furniture,11941,7746,4195
91117,Pharmaceuticals,18362,15046,3316
91117,Consumer_Goods,7293,4368,2925
91117,Food_Beverage,12157,8720,3437
1121,Electronics,14599,10764,3835
1121,Furniture,5936,4367,1569
1121,Industrial_Equipment,14175,7000,7175
91121,Pharmaceuticals,2044,1604,440
91121,Automotive_Parts,11528,5281,6247
91121,Food_Beverage,12980,9960,3020
1122,Industrial_Equipment,9056,7103,1953
1122,Apparel,18208,11957,6251
1122,Furniture,9452,3783,5669
91122,Consumer_Goods,12207,7610,4597
91122,Pharmaceuticals,9728,6873,2855
91122,Furniture,16578,8705,7873
1126,Food_Beverage,19782,16558,3224
1126,Pharmaceuticals,10023,7416,2607
1126,Consumer_Goods,18540,12500,6040
91126,Industrial_Equipment,15776,10008,5768
91126,Electronics,12977,5831,7146
91126,Apparel,17628,10073,7555
1128,Consumer_Goods,3954,1854,2100
1128,Furniture,8810,5444,3366
1128,Pharmaceuticals,17077,7205,9872
91128,Furniture,4958,3556,1402
91128,Industrial_Equipment,7367,3703,3664
91128,Electronics,16315,10873,5442
1131,Apparel,17998,11605,6393
1131,Furniture,11728,5879,5849
1131,Consumer_Goods,17945,9843,8102
91131,Pharmaceuticals,19957,9010,10947
91131,Furniture,6397,5045,1352
91131,Food_Beverage,17335,11249,6086
1135,Furniture,7264,5517,1747
1135,Apparel,18906,15439,3467
1135,Automotive_Parts,10969,7461,3508
91135,Automotive_Parts,11070,8933,2137
91135,Pharmaceuticals,17989,15074,2915
91135,Consumer_Goods,5320,4072,1248
1136,Consumer_Goods,17069,9183,7886
1136,Electronics,5238,2426,2812
1136,Food_Beverage,15715,8457,7258
91136,Automotive_Parts,8966,6895,2071
91136,Pharmaceuticals,9600,7059,2541
91136,Industrial_Equipment,6620,2867,3753
1138,Electronics,9230,6692,2538
1138,Industrial_Equipment,9179,6978,2201
1138,Furniture,18472,10634,7838
91138,Pharmaceuticals,7266,5534,1732
91138,Electronics,3090,2356,734
91138,Industrial_Equipment,7905,3470,4435
1139,Apparel,17650,14072,3578
1139,Electronics,7598,4537,3061
1139,Pharmaceuticals,19123,10117,9006
91139,Apparel,5960,4893,1067
91139,Furniture,15901,7385,8516
91139,Electronics,2072,1058,1014
1140,Apparel,13808,7558,6250
1140,Automotive_Parts,11316,9059,2257
1140,Pharmaceuticals,13070,8771,4299
91140,Furniture,4875,2653,2222
91140,Pharmaceuticals,7119,4839,2280
91140,Consumer_Goods,19357,10160,9197
1142,Pharmaceuticals,14031,9152,4879
1142,Consumer_Goods,15961,11214,4747
1142,Apparel,17932,12359,5573
91142,Furniture,19372,12969,6403
91142,Apparel,15926,10591,5335
91142,Electronics,9482,4056,5426
1143,Industrial_Equipment,16481,10555,5926
1143,Electronics,13614,5630,7984
1143,Pharmaceuticals,6978,5352,1626
91143,Furniture,15605,8700,6905
91143,Apparel,6262,3201,3061
91143,Pharmaceuticals,9008,7085,1923
1145,Furniture,7566,3718,3848
1145,Automotive_Parts,15716,6872,8844
1145,Consumer_Goods,7717,3637,4080
91145,Industrial_Equipment,3031,1502,1529
91145,Automotive_Parts,18455,14773,3682
91145,Furniture,18350,12950,5400
1146,Furniture,5801,2656,3145
1146,Automotive_Parts,19454,12822,6632
1146,Apparel,8839,4967,3872
91146,Consumer_Goods,8225,6216,2009
91146,Furniture,16114,8780,7334
91146,Industrial_Equipment,17809,11703,6106
1148,Food_Beverage,15281,7288,7993
1148,Furniture,19831,12278,7553
1148,Apparel,9662,4666,4996
91148,Furniture,19141,12954,6187
91148,Consumer_Goods,8306,3467,4839
91148,Electronics,8865,5940,2925
1151,Food_Beverage,15535,9175,6360
1151,Pharmaceuticals,7102,2992,4110
1151,Electronics,7389,3037,4352
91151,Pharmaceuticals,6393,4208,2185
91151,Electronics,19766,8447,11319
91151,Industrial_Equipment,14317,6713,7604
1152,Pharmaceuticals,9902,7232,2670
1152,Automotive_Parts,14892,11038,3854
1152,Apparel,17616,14912,2704
91152,Pharmaceuticals,16982,12373,4609
91152,Industrial_Equipment,9387,7703,1684
91152,Furniture,16432,10086,6346
1153,Electronics,17318,10288,7030
1153,Furniture,15001,11396,3605
1153,Consumer_Goods,16755,13954,2801
91153,Apparel,15624,12832,2792
91153,Pharmaceuticals,5812,3824,1988
91153,Consumer_Goods,18324,12105,6219
1154,Apparel,6590,4785,1805
1154,Industrial_Equipment,19261,11528,7733
1154,Furniture,16324,8080,8244
91154,Automotive_Parts,11193,4931,6262
91154,Apparel,4011,2055,1956
91154,Electronics,14906,11840,3066
1155,Furniture,3527,2222,1305
1155,Automotive_Parts,15634,11539,4095
1155,Consumer_Goods,10113,6159,3954
91155,Food_Beverage,7006,5727,1279
91155,Pharmaceuticals,6257,5285,972
91155,Automotive_Parts,4971,2719,2252
1157,Furniture,3051,2305,746
1157,Electronics,17004,9380,7624
1157,Automotive_Parts,11225,7834,3391
91157,Consumer_Goods,19302,13633,5669
91157,Apparel,13909,10523,3386
91157,Industrial_Equipment,16720,10384,6336
1158,Furniture,15644,13028,2616
1158,Consumer_Goods,13892,10783,3109
1158,Automotive_Parts,3529,2893,636
91158,Automotive_Parts,18701,15561,3140
91158,Furniture,11498,6404,5094
91158,Apparel,4301,3071,1230
1159,Apparel,2419,1134,1285
1159,Industrial_Equipment,3807,2641,1166
1159,Electronics,12121,8387,3734
91159,Furniture,6922,2817,4105
91159,Automotive_Parts,6917,3739,3178
91159,Industrial_Equipment,5719,2746,2973
1162,Electronics,13989,9558,4431
1162,Furniture,13103,9947,3156
1162,Apparel,18842,12350,6492
91162,Furniture,3108,1845,1263
91162,Industrial_Equipment,7580,4491,3089
91162,Electronics,9024,4745,4279
1163,Electronics,15833,10805,5028
1163,Consumer_Goods,3925,1624,2301
1163,Food_Beverage,11690,8478,3212
91163,Pharmaceuticals,7901,6486,1415
91163,Furniture,13441,8254,5187
91163,Automotive_Parts,13238,8994,4244
1165,Furniture,7225,4320,2905
1165,Consumer_Goods,14824,6196,8628
1165,Automotive_Parts,14340,10866,3474
91165,Automotive_Parts,13569,9412,4157
91165,Apparel,3270,2719,551
91165,Furniture,12946,8139,4807
1166,Automotive_Parts,6252,3297,2955
1166,Industrial_Equipment,11521,6048,5473
1166,Furniture,9632,5442,4190
91166,Pharmaceuticals,5958,4539,1419
91166,Industrial_Equipment,4602,3303,1299
91166,Automotive_Parts,9875,4311,5564
1167,Food_Beverage,14166,7857,6309
1167,Pharmaceuticals,5969,3258,2711
1167,Electronics,19086,12476,6610
91167,Electronics,10406,5897,4509
91167,Furniture,17172,7730,9442
91167,Apparel,5666,2572,3094
1169,Industrial_Equipment,2034,1685,349
1169,Pharmaceuticals,4584,2697,1887
1169,Food_Beverage,2359,1705,654
91169,Pharmaceuticals,10345,8674,1671
91169,Food_Beverage,6082,5133,949
91169,Furniture,2707,2117,590
1170,Pharmaceuticals,4564,3187,1377
1170,Food_Beverage,10699,6798,3901
1170,Consumer_Goods,11285,9209,2076
91170,Consumer_Goods,9201,4233,4968
91170,Furniture,11822,5491,6331
91170,Industrial_Equipment,5461,4175,1286
1171,Apparel,8738,6123,2615
1171,Consumer_Goods,3742,2980,762
1171,Food_Beverage,16632,10746,5886
91171,Apparel,10541,8321,2220
91171,Consumer_Goods,7103,4106,2997
91171,Industrial_Equipment,8954,4810,4144
1172,Furniture,13888,8245,5643
1172,Automotive_Parts,10806,8537,2269
1172,Pharmaceuticals,5921,3290,2631
91172,Food_Beverage,12081,7749,4332
91172,Electronics,15450,7145,8305
91172,Apparel,16915,13692,3223
1174,Furniture,11182,4654,6528
1174,Pharmaceuticals,12914,6697,6217
1174,Food_Beverage,10947,6066,4881
91174,Apparel,3677,1591,2086
91174,Pharmaceuticals,18691,9081,9610
91174,Consumer_Goods,5341,3598,1743
1175,Apparel,5775,2546,3229
1175,Consumer_Goods,17605,9381,8224
1175,Furniture,17763,10505,7258
91175,Automotive_Parts,14868,6408,8460
91175,Food_Beverage,2836,2396,440
91175,Industrial_Equipment,12680,10475,2205
1176,Furniture,7679,3519,4160
1176,Consumer_Goods,4330,2265,2065
1176,Electronics,14506,8053,6453
91176,Automotive_Parts,4847,2881,1966
91176,Pharmaceuticals,3253,2697,556
91176,Electronics,4580,2130,2450
1179,Furniture,3374,1656,1718
1179,Pharmaceuticals,18371,8500,9871
1179,Industrial_Equipment,2985,1856,1129
91179,Automotive_Parts,9938,6574,3364
91179,Consumer_Goods,5779,3279,2500
91179,Industrial_Equipment,6216,2687,3529
1182,Furniture,19827,16819,3008
1182,Automotive_Parts,17864,10546,7318
1182,Apparel,19633,8565,11068
91182,Automotive_Parts,2254,998,1256
91182,Electronics,17240,9531,7709
91182,Industrial_Equipment,10157,4887,5270
1183,Pharmaceuticals,17333,8812,8521
1183,Automotive_Parts,7424,3584,3840
1183,Industrial_Equipment,11691,7282,4409
91183,Apparel,13020,6753,6267
91183,Pharmaceuticals,19921,16303,3618
91183,Consumer_Goods,5102,2139,2963
1185,Automotive_Parts,6510,3930,2580
1185,Furniture,19342,14014,5328
1185,Pharmaceuticals,3579,1788,1791
91185,Apparel,18242,13834,4408
91185,Pharmaceuticals,6571,4556,2015
91185,Industrial_Equipment,19044,13298,5746
1187,Food_Beverage,11195,6266,4929
1187,Pharmaceuticals,15896,10265,5631
1187,Industrial_Equipment,13526,6165,7361
91187,Industrial_Equipment,17243,9836,7407
91187,Automotive_Parts,2750,1647,1103
91187,Electronics,16787,12406,4381
1189,Consumer_Goods,10650,5505,5145
1189,Electronics,13893,7214,6679
1189,Industrial_Equipment,6346,3585,2761
91189,Industrial_Equipment,14042,9074,4968
91189,Electronics,10835,8372,2463
91189,Pharmaceuticals,10074,7881,2193
1190,Automotive_Parts,9112,6925,2187
1190,Apparel,10746,7701,3045
1190,Furniture,19402,9171,10231
91190,Consumer_Goods,16204,8532,7672
91190,Apparel,15269,12360,2909
91190,Automotive_Parts,14513,6987,7526
1192,Consumer_Goods,9553,4572,4981
1192,Pharmaceuticals,3744,2182,1562
1192,Automotive_Parts,2523,1746,777
91192,Electronics,10112,5726,4386
91192,Consumer_Goods,8026,5844,2182
91192,Automotive_Parts,6935,3740,3195
1193,Pharmaceuticals,11706,7932,3774
1193,Automotive_Parts,4752,2281,2471
1193,Furniture,3318,1477,1841
91193,Industrial_Equipment,5356,2670,2686
91193,Consumer_Goods,5605,3732,1873
91193,Furniture,7817,5314,2503
1194,Consumer_Goods,7310,5090,2220
1194,Automotive_Parts,9906,5325,4581
1194,Furniture,12075,9760,2315
91194,Electronics,15101,12260,2841
91194,Consumer_Goods,10808,5887,4921
91194,Furniture,11334,8755,2579
1195,Consumer_Goods,15821,8235,7586
1195,Industrial_Equipment,17621,13908,3713
1195,Food_Beverage,12611,6848,5763
91195,Pharmaceuticals,16367,13079,3288
91195,Food_Beverage,9282,7875,1407
91195,Industrial_Equipment,8934,4186,4748
1197,Electronics,16371,13242,3129
1197,Food_Beverage,13482,9195,4287
1197,Pharmaceuticals,15160,8979,6181
91197,Apparel,2366,1481,885
91197,Electronics,3418,2458,960
91197,Pharmaceuticals,17407,13195,4212
1200,Pharmaceuticals,2602,1489,1113
1200,Electronics,11208,5770,5438
1200,Automotive_Parts,10539,4363,6176
91200,Food_Beverage,9482,4859,4623
91200,Electronics,10840,6472,4368
91200,Consumer_Goods,11680,7163,4517
1201,Food_Beverage,18338,7921,10417
1201,Electronics,14226,7017,7209
1201,Consumer_Goods,10116,6430,3686
91201,Apparel,9134,6279,2855
91201,Pharmaceuticals,2585,1056,1529
91201,Consumer_Goods,6479,3769,2710
1202,Automotive_Parts,19316,13870,5446
1202,Industrial_Equipment,7416,3951,3465
1202,Pharmaceuticals,19922,15042,4880
91202,Electronics,19745,13708,6037
91202,Automotive_Parts,14229,10338,3891
91202,Pharmaceuticals,18178,8313,9865
1203,Automotive_Parts,18538,14145,4393
1203,Industrial_Equipment,13739,6323,7416
1203,Consumer_Goods,3874,1670,2204
91203,Pharmaceuticals,15026,9745,5281
91203,Apparel,12928,6798,6130
91203,Industrial_Equipment,17045,10799,6246
1204,Industrial_Equipment,5150,2297,2853
1204,Electronics,14281,10893,3388
1204,Furniture,5690,2546,3144
91204,Electronics,15519,7534,7985
91204,Consumer_Goods,14250,8577,5673
91204,Furniture,3109,1526,1583
1205,Apparel,10088,4550,5538
1205,Consumer_Goods,12078,5839,6239
1205,Food_Beverage,12215,8618,3597
91205,Electronics,14321,6899,7422
91205,Automotive_Parts,7532,4146,3386
91205,Apparel,2253,1056,1197
1209,Consumer_Goods,12857,6163,6694
1209,Apparel,19343,9963,9380
1209,Furniture,12019,10087,1932
91209,Electronics,15913,6846,9067
91209,Consumer_Goods,12043,6899,5144
91209,Pharmaceuticals,5093,4026,1067
1211,Automotive_Parts,16094,12435,3659
1211,Industrial_Equipment,4424,2782,1642
1211,Pharmaceuticals,10573,7645,2928
91211,Apparel,2374,1158,1216
91211,Automotive_Parts,12851,7108,5743
91211,Pharmaceuticals,16403,7667,8736
1212,Pharmaceuticals,17231,7440,9791
1212,Electronics,17168,10460,6708
1212,Apparel,2548,2115,433
91212,Industrial_Equipment,17978,9481,8497
91212,Apparel,11191,7930,3261
91212,Consumer_Goods,16705,10529,6176
1213,Apparel,16275,12053,4222
1213,Automotive_Parts,11127,6846,4281
1213,Pharmaceuticals,19968,15237,4731
91213,Electronics,2757,1604,1153
91213,Food_Beverage,18909,10023,8886
91213,Consumer_Goods,17421,12456,4965
1214,Furniture,13079,5995,7084
1214,Industrial_Equipment,2733,1285,1448
1214,Electronics,18138,14681,3457
91214,Industrial_Equipment,12885,5643,7242
91214,Apparel,6665,2890,3775
91214,Consumer_Goods,3174,2112,1062
1215,Furniture,10007,6656,3351
1215,Pharmaceuticals,19954,14159,5795
1215,Industrial_Equipment,11594,7099,4495
91215,Consumer_Goods,8305,3367,4938
91215,Apparel,5651,3667,1984
91215,Furniture,4261,2364,1897
1216,Electronics,11366,8628,2738
1216,Consumer_Goods,6188,4757,1431
1216,Food_Beverage,6654,2670,3984
91216,Automotive_Parts,16181,12688,3493
91216,Consumer_Goods,15594,12021,3573
91216,Pharmaceuticals,9145,5924,3221
1219,Industrial_Equipment,5627,3645,1982
1219,Consumer_Goods,7798,5721,2077
1219,Electronics,3058,2379,679
91219,Furniture,18914,8141,10773
91219,Food_Beverage,17758,13817,3941
91219,Apparel,10533,4546,5987
1222,Furniture,11202,8571,2631
1222,Electronics,18109,8259,9850
1222,Apparel,4293,2815,1478
91222,Apparel,19093,14218,4875
91222,Electronics,10176,6449,3727
91222,Consumer_Goods,17789,13778,4011
1225,Furniture,13807,5845,7962
1225,Apparel,10866,7727,3139
1225,Pharmaceuticals,18064,14965,3099
91225,Pharmaceuticals,15350,7816,7534
91225,Industrial_Equipment,15604,10872,4732
91225,Automotive_Parts,11753,9877,1876
1226,Food_Beverage,10556,7019,3537
1226,Consumer_Goods,9904,5886,4018
1226,Industrial_Equipment,4639,2448,2191
91226,Pharmaceuticals,4981,3316,1665
91226,Industrial_Equipment,5786,4198,1588
91226,Electronics,5054,2465,2589
1228,Apparel,11395,6199,5196
1228,Food_Beverage,7385,4521,2864
1228,Consumer_Goods,6051,4713,1338
91228,Consumer_Goods,4776,3458,1318
91228,Food_Beverage,4648,2279,2369
91228,Pharmaceuticals,12475,9258,3217
1230,Furniture,8468,5060,3408
1230,Apparel,13023,9642,3381
1230,Pharmaceuticals,5246,2469,2777
91230,Industrial_Equipment,15438,6310,9128
91230,Food_Beverage,12747,7785,4962
91230,Furniture,6916,4619,2297
1231,Furniture,17750,8405,9345
1231,Pharmaceuticals,10864,4601,6263
1231,Food_Beverage,8683,6374,2309
91231,Industrial_Equipment,15954,10220,5734
91231,Food_Beverage,18892,7575,11317
91231,Apparel,2251,1417,834
1232,Industrial_Equipment,13044,6558,6486
1232,Automotive_Parts,8376,4779,3597
1232,Apparel,12659,6127,6532
91232,Electronics,2536,1366,1170
91232,Apparel,16483,12759,3724
91232,Pharmaceuticals,18235,10346,7889
1233,Consumer_Goods,16917,8565,8352
1233,Electronics,7571,4056,3515
1233,Food_Beverage,7334,3068,4266
91233,Apparel,18415,8274,10141
91233,Automotive_Parts,18283,10450,7833
91233,Furniture,10245,6354,3891
1235,Pharmaceuticals,17160,14382,2778
1235,Industrial_Equipment,12884,8982,3902
1235,Apparel,13761,8773,4988
91235,Industrial_Equipment,12513,5258,7255
91235,Automotive_Parts,14683,8654,6029
91235,Apparel,16841,9879,6962
1236,Automotive_Parts,5148,2409,2739
1236,Food_Beverage,12686,8833,3853
1236,Apparel,4979,4213,766
91236,Industrial_Equipment,7015,4851,2164
91236,Apparel,3369,2099,1270
91236,Electronics,2728,1894,834
1237,Furniture,16912,14147,2765
1237,Pharmaceuticals,10069,6908,3161
1237,Automotive_Parts,10265,7757,2508
91237,Consumer_Goods,7043,5276,1767
91237,Apparel,5207,2758,2449
91237,Pharmaceuticals,4017,2571,1446
1239,Pharmaceuticals,19930,8933,10997
1239,Industrial_Equipment,2108,1182,926
1239,Food_Beverage,6884,4237,2647
91239,Pharmaceuticals,15870,6482,9388
91239,Electronics,14116,9572,4544
91239,Apparel,10190,6187,4003
1240,Electronics,9409,4558,4851
1240,Pharmaceuticals,8927,4861,4066
1240,Food_Beverage,15613,10383,5230
91240,Consumer_Goods,4196,1894,2302
91240,Pharmaceuticals,6120,3635,2485
91240,Food_Beverage,7405,3956,3449
1241,Furniture,3525,2066,1459
1241,Industrial_Equipment,19253,15070,4183
1241,Pharmaceuticals,15920,11621,4299
91241,Electronics,14265,7210,7055
91241,Pharmaceuticals,19890,14853,5037
91241,Furniture,11913,6465,5448
1243,Pharmaceuticals,11056,4870,6186
1243,Food_Beverage,2367,1868,499
1243,Consumer_Goods,13991,6486,7505
91243,Automotive_Parts,2533,2141,392
91243,Furniture,14306,8011,6295
91243,Electronics,10882,5698,5184
1244,Food_Beverage,15062,7948,7114
1244,Apparel,5945,4205,1740
1244,Consumer_Goods,3268,1309,1959
91244,Consumer_Goods,15429,11516,3913
91244,Furniture,11327,4655,6672
91244,Automotive_Parts,15033,10773,4260
1245,Food_Beverage,6936,5313,1623
1245,Furniture,3777,2633,1144
1245,Pharmaceuticals,4887,3615,1272
91245,Apparel,12365,6634,5731
91245,Industrial_Equipment,3552,1680,1872
91245,Electronics,17774,10022,7752
1247,Industrial_Equipment,16784,7310,9474
1247,Food_Beverage,17004,7378,9626
1247,Automotive_Parts,10806,7618,3188
91247,Pharmaceuticals,19662,13810,5852
91247,Industrial_Equipment,11757,7378,4379
91247,Furniture,15843,12844,2999
1250,Electronics,6238,3889,2349
1250,Consumer_Goods,19478,9568,9910
1250,Apparel,15136,7493,7643
91250,Furniture,5272,2895,2377
91250,Electronics,2226,1514,712
91250,Food_Beverage,9152,7462,1690
1251,Automotive_Parts,14598,7953,6645
1251,Pharmaceuticals,18878,9401,9477
1251,Food_Beverage,17428,7805,9623
91251,Food_Beverage,7465,5254,2211
91251,Electronics,14983,8171,6812
91251,Apparel,10406,5505,4901
1252,Pharmaceuticals,10038,6328,3710
1252,Furniture,7098,5837,1261
1252,Electronics,5876,4038,1838
91252,Consumer_Goods,13211,10334,2877
91252,Food_Beverage,17659,8614,9045
91252,Industrial_Equipment,7956,4131,3825
1258,Automotive_Parts,7867,4107,3760
1258,Furniture,14669,6217,8452
1258,Apparel,13673,7563,6110
91258,Apparel,5976,2930,3046
91258,Consumer_Goods,4231,2594,1637
91258,Electronics,2016,841,1175
1259,Automotive_Parts,18531,9205,9326
1259,Apparel,15514,9442,6072
1259,Consumer_Goods,7580,5912,1668
91259,Furniture,4240,2491,1749
91259,Industrial_Equipment,16247,12947,3300
91259,Pharmaceuticals,17661,7917,9744
1261,Consumer_Goods,14350,11657,2693
1261,Pharmaceuticals,9339,4084,5255
1261,Industrial_Equipment,10185,6728,3457
91261,Electronics,8126,6449,1677
91261,Automotive_Parts,14478,6817,7661
91261,Industrial_Equipment,6926,3725,3201
1263,Electronics,13882,6441,7441
1263,Food_Beverage,2689,1235,1454
1263,Industrial_Equipment,4004,1741,2263
91263,Consumer_Goods,2838,2105,733
91263,Food_Beverage,8113,6884,1229
91263,Industrial_Equipment,15268,8497,6771
1264,Automotive_Parts,17418,12677,4741
1264,Electronics,2093,1067,1026
1264,Apparel,10489,7627,2862
91264,Pharmaceuticals,14034,8141,5893
91264,Consumer_Goods,5028,3198,1830
91264,Industrial_Equipment,10612,7949,2663
1267,Automotive_Parts,8161,4636,3525
1267,Furniture,6649,3548,3101
1267,Food_Beverage,4410,1935,2475
91267,Automotive_Parts,8235,6234,2001
91267,Furniture,10324,6972,3352
91267,Pharmaceuticals,6426,5176,1250
1278,Electronics,8205,5461,2744
1278,Pharmaceuticals,3041,1419,1622
1278,Automotive_Parts,11119,6683,4436
91278,Industrial_Equipment,13024,5620,7404
91278,Pharmaceuticals,15814,12049,3765
91278,Apparel,8058,4163,3895
1279,Food_Beverage,7696,6251,1445
1279,Electronics,4232,2143,2089
1279,Consumer_Goods,8178,6617,1561
91279,Industrial_Equipment,2891,1327,1564
91279,Automotive_Parts,7261,3588,3673
91279,Food_Beverage,13490,6765,6725
1280,Furniture,3288,1369,1919
1280,Industrial_Equipment,11461,7767,3694
1280,Automotive_Parts,9977,7891,2086
91280,Electronics,11536,6504,5032
91280,Furniture,5502,4488,1014
91280,Industrial_Equipment,10685,6893,3792
1286,Food_Beverage,3173,2600,573
1286,Automotive_Parts,7802,4889,2913
1286,Industrial_Equipment,11029,8987,2042
91286,Consumer_Goods,6904,4808,2096
91286,Apparel,3530,1752,1778
91286,Pharmaceuticals,12253,8812,3441
1287,Electronics,2079,1249,830
1287,Automotive_Parts,19095,8282,10813
1287,Consumer_Goods,2109,1252,857
91287,Food_Beverage,13798,7435,6363
91287,Electronics,13740,11161,2579
91287,Automotive_Parts,19957,13239,6718
1288,Food_Beverage,7740,5706,2034
1288,Automotive_Parts,8305,5880,2425
1288,Furniture,4462,2770,1692
91288,Food_Beverage,19196,10406,8790
91288,Electronics,6197,3001,3196
91288,Consumer_Goods,5266,3241,2025
1291,Consumer_Goods,9863,4871,4992
1291,Industrial_Equipment,9783,5949,3834
1291,Furniture,2829,2168,661
91291,Industrial_Equipment,12704,7575,5129
91291,Electronics,9307,5890,3417
91291,Food_Beverage,12422,8775,3647
1295,Industrial_Equipment,9704,3951,5753
1295,Pharmaceuticals,5986,3742,2244
1295,Furniture,6254,4022,2232
91295,Pharmaceuticals,6943,4854,2089
91295,Industrial_Equipment,8760,5125,3635
91295,Automotive_Parts,14672,8524,6148
1296,Industrial_Equipment,16162,13075,3087
1296,Furniture,5327,2848,2479
1296,Apparel,12685,8968,3717
91296,Apparel,16877,7310,9567
91296,Industrial_Equipment,9245,4209,5036
91296,Pharmaceuticals,2193,1031,1162
1297,Electronics,6948,4120,2828
1297,Pharmaceuticals,6907,3699,3208
1297,Food_Beverage,9107,4207,4900
91297,Pharmaceuticals,15957,7831,8126
91297,Consumer_Goods,8666,6607,2059
91297,Electronics,15164,6920,8244
1298,Industrial_Equipment,10334,7064,3270
1298,Electronics,13044,6853,6191
1298,Apparel,2418,1517,901
91298,Automotive_Parts,15953,11135,4818
91298,Food_Beverage,18388,9782,8606
91298,Electronics,4074,2065,2009
1299,Furniture,9801,4998,4803
1299,Apparel,11381,7545,3836
1299,Pharmaceuticals,14525,9204,5321
91299,Food_Beverage,14247,8183,6064
91299,Pharmaceuticals,17999,8412,9587
91299,Apparel,8542,5710,2832
1300,Consumer_Goods,17477,13640,3837
1300,Automotive_Parts,16940,12074,4866
1300,Food_Beverage,3962,2286,1676
91300,Automotive_Parts,7049,4221,2828
91300,Food_Beverage,11418,8122,3296
91300,Pharmaceuticals,6836,4213,2623
1303,Electronics,17998,13616,4382
1303,Furniture,14816,7849,6967
1303,Apparel,10978,5279,5699
91303,Industrial_Equipment,12298,9786,2512
91303,Food_Beverage,11226,7938,3288
91303,Apparel,4190,2084,2106
1305,Apparel,8973,7389,1584
1305,Consumer_Goods,17695,13566,4129
1305,Electronics,7831,5771,2060
91305,Consumer_Goods,9342,5374,3968
91305,Electronics,13844,7255,6589
91305,Furniture,4897,3897,1000
1308,Pharmaceuticals,5890,3641,2249
1308,Apparel,7775,4113,3662
1308,Food_Beverage,14899,11039,3860
91308,Consumer_Goods,6516,4456,2060
91308,Industrial_Equipment,13627,7681,5946
91308,Furniture,4767,3460,1307
1310,Consumer_Goods,17450,7398,10052
1310,Furniture,6412,5403,1009
1310,Industrial_Equipment,12713,8125,4588
91310,Electronics,16095,11186,4909
91310,Pharmaceuticals,13831,6950,6881
91310,Industrial_Equipment,14440,10596,3844
1313,Pharmaceuticals,6100,3089,3011
1313,Apparel,9784,4983,4801
1313,Furniture,17456,9817,7639
91313,Apparel,4863,3009,1854
91313,Industrial_Equipment,12276,6212,6064
91313,Consumer_Goods,6386,2580,3806
1315,Furniture,2560,1739,821
1315,Automotive_Parts,12320,5320,7000
1315,Electronics,13279,7206,6073
91315,Furniture,9415,5736,3679
91315,Consumer_Goods,11231,8595,2636
91315,Food_Beverage,5749,4664,1085
1317,Furniture,7593,3586,4007
1317,Food_Beverage,6408,3522,2886
1317,Electronics,7529,5156,2373
91317,Apparel,3855,1553,2302
91317,Pharmaceuticals,8167,5853,2314
91317,Furniture,17389,9736,7653
1318,Automotive_Parts,5031,3079,1952
1318,Consumer_Goods,19941,13497,6444
1318,Pharmaceuticals,8357,4163,4194
91318,Pharmaceuticals,4999,2098,2901
91318,Consumer_Goods,13767,10301,3466
91318,Automotive_Parts,9912,6867,3045
1319,Food_Beverage,6229,3982,2247
1319,Industrial_Equipment,3388,2462,926
1319,Consumer_Goods,5678,2774,2904
91319,Electronics,10760,7213,3547
91319,Food_Beverage,19260,15673,3587
91319,Automotive_Parts,9874,7681,2193
1320,Furniture,13430,9053,4377
1320,Pharmaceuticals,16197,8826,7371
1320,Food_Beverage,9827,6548,3279
91320,Furniture,17329,7293,10036
91320,Electronics,16065,10871,5194
91320,Pharmaceuticals,11446,5599,5847
1321,Furniture,17921,13321,4600
1321,Food_Beverage,4319,2020,2299
1321,Automotive_Parts,6333,3434,2899
91321,Automotive_Parts,19980,10056,9924
91321,Furniture,16579,7818,8761
91321,Pharmaceuticals,16951,14257,2694
1322,Furniture,12054,5474,6580
1322,Consumer_Goods,11706,6129,5577
1322,Apparel,16702,10809,5893
91322,Consumer_Goods,2998,1426,1572
91322,Furniture,15045,8062,6983
91322,Pharmaceuticals,4901,2280,2621
1323,Apparel,13224,7416,5808
1323,Automotive_Parts,8963,5614,3349
1323,Food_Beverage,6972,3712,3260
91323,Automotive_Parts,11103,9359,1744
91323,Apparel,13045,8082,4963
91323,Food_Beverage,6019,2812,3207
1325,Electronics,5140,3400,1740
1325,Automotive_Parts,9817,4154,5663
1325,Furniture,9500,7788,1712
91325,Electronics,9493,7801,1692
91325,Automotive_Parts,16945,9921,7024
91325,Consumer_Goods,7228,5359,1869
1326,Pharmaceuticals,19906,12939,6967
1326,Industrial_Equipment,2268,1563,705
1326,Automotive_Parts,14408,11131,3277
91326,Industrial_Equipment,7302,2995,4307
91326,Apparel,17791,13725,4066
91326,Food_Beverage,13059,7871,5188
1329,Food_Beverage,11179,8680,2499
1329,Apparel,8281,5593,2688
1329,Industrial_Equipment,5091,3762,1329
91329,Food_Beverage,18675,12524,6151
91329,Electronics,16633,7055,9578
91329,Automotive_Parts,15800,9918,5882
1332,Food_Beverage,9769,6344,3425
1332,Furniture,16348,6847,9501
1332,Consumer_Goods,11945,7140,4805
91332,Electronics,19578,10471,9107
91332,Apparel,18741,9347,9394
91332,Food_Beverage,5153,3169,1984
1333,Automotive_Parts,2997,1252,1745
1333,Furniture,17419,13573,3846
1333,Food_Beverage,6093,4141,1952
91333,Consumer_Goods,18729,10282,8447
91333,Pharmaceuticals,7802,6266,1536
91333,Electronics,17028,10514,6514
1334,Food_Beverage,13851,6088,7763
1334,Furniture,19681,9797,9884
1334,Pharmaceuticals,10530,4509,6021
91334,Pharmaceuticals,12611,7627,4984
91334,Electronics,3405,2880,525
91334,Automotive_Parts,7431,6114,1317
1337,Pharmaceuticals,13679,9986,3693
1337,Food_Beverage,11023,8111,2912
1337,Electronics,8594,3917,4677
91337,Industrial_Equipment,13262,10301,2961
91337,Automotive_Parts,18980,9081,9899
91337,Furniture,2843,1199,1644
1338,Food_Beverage,11075,7062,4013
1338,Consumer_Goods,10026,5747,4279
1338,Apparel,13842,5556,8286
91338,Consumer_Goods,17591,7215,10376
91338,Automotive_Parts,15118,12135,2983
91338,Apparel,11548,7594,3954
1341,Consumer_Goods,4203,2957,1246
1341,Food_Beverage,4141,3471,670
1341,Apparel,17846,10696,7150
91341,Automotive_Parts,11771,6071,5700
91341,Apparel,14481,6901,7580
91341,Industrial_Equipment,5098,3092,2006
1342,Industrial_Equipment,2937,2403,534
1342,Apparel,4791,2074,2717
1342,Automotive_Parts,3313,1997,1316
91342,Industrial_Equipment,18397,10709,7688
91342,Apparel,12390,7047,5343
91342,Furniture,10077,4202,5875
1343,Food_Beverage,3842,2506,1336
1343,Electronics,17729,7912,9817
1343,Automotive_Parts,3777,2327,1450
91343,Pharmaceuticals,2080,1012,1068
91343,Furniture,3648,2772,876
91343,Consumer_Goods,6246,5071,1175
1349,Apparel,14824,10111,4713
1349,Furniture,15095,6769,8326
1349,Automotive_Parts,5314,3172,2142
91349,Automotive_Parts,7278,3913,3365
91349,Food_Beverage,18243,11079,7164
91349,Pharmaceuticals,6703,4651,2052
1350,Furniture,3852,2965,887
1350,Pharmaceuticals,3665,1568,2097
1350,Electronics,10627,5485,5142
91350,Electronics,17764,11918,5846
91350,Industrial_Equipment,8339,4936,3403
91350,Pharmaceuticals,9612,4683,4929
1351,Automotive_Parts,4787,3822,965
1351,Industrial_Equipment,17028,7192,9836
1351,Consumer_Goods,8632,4726,3906
91351,Food_Beverage,10827,8990,1837
91351,Industrial_Equipment,13831,10668,3163
91351,Apparel,17754,13970,3784
1352,Automotive_Parts,12392,8970,3422
1352,Food_Beverage,15366,11203,4163
1352,Furniture,5200,4320,880
91352,Automotive_Parts,8810,4315,4495
91352,Apparel,16096,12124,3972
91352,Furniture,4021,2612,1409
1353,Industrial_Equipment,7977,4800,3177
1353,Consumer_Goods,11755,8236,3519
1353,Automotive_Parts,17527,13023,4504
91353,Industrial_Equipment,6345,3286,3059
91353,Consumer_Goods,17004,11040,5964
91353,Automotive_Parts,3666,2478,1188
1358,Furniture,2220,1519,701
1358,Consumer_Goods,2677,1425,1252
1358,Industrial_Equipment,19976,9643,10333
91358,Industrial_Equipment,6516,3623,2893
91358,Pharmaceuticals,7133,3960,3173
91358,Apparel,13487,7798,5689
1359,Electronics,9323,5105,4218
1359,Pharmaceuticals,10905,7474,3431
1359,Furniture,3556,2804,752
91359,Furniture,4635,3110,1525
91359,Electronics,6554,3912,2642
91359,Automotive_Parts,18582,10307,8275
1360,Industrial_Equipment,6441,3042,3399
1360,Pharmaceuticals,9283,6953,2330
1360,Automotive_Parts,8440,6015,2425
91360,Food_Beverage,6988,3863,3125
91360,Consumer_Goods,14546,11504,3042
91360,Automotive_Parts,2762,1828,934
1362,Pharmaceuticals,15021,11069,3952
1362,Automotive_Parts,4292,2110,2182
1362,Industrial_Equipment,13991,11345,2646
91362,Automotive_Parts,13716,11068,2648
91362,Consumer_Goods,7321,4890,2431
91362,Industrial_Equipment,18709,10991,7718
1363,Automotive_Parts,13602,5913,7689
1363,Pharmaceuticals,17267,13901,3366
1363,Furniture,4559,3638,921
91363,Apparel,16113,12450,3663
91363,Automotive_Parts,2421,1126,1295
91363,Food_Beverage,7682,6519,1163
1364,Furniture,13703,9685,4018
1364,Consumer_Goods,7355,5330,2025
1364,Electronics,6601,3283,3318
91364,Apparel,14540,10941,3599
91364,Industrial_Equipment,19159,9715,9444
91364,Pharmaceuticals,5401,4053,1348
1366,Electronics,10199,8348,1851
1366,Apparel,5829,3348,2481
1366,Pharmaceuticals,12113,10178,1935
91366,Electronics,9409,5085,4324
91366,Furniture,7397,5248,2149
91366,Pharmaceuticals,7862,3289,4573
1367,Automotive_Parts,8915,4153,4762
1367,Consumer_Goods,4180,3043,1137
1367,Pharmaceuticals,11949,6686,5263
91367,Food_Beverage,16726,8704,8022
91367,Apparel,3973,2181,1792
91367,Electronics,15944,7731,8213
1369,Automotive_Parts,2562,2131,431
1369,Consumer_Goods,10208,5706,4502
1369,Industrial_Equipment,4659,2670,1989
91369,Pharmaceuticals,2109,1728,381
91369,Industrial_Equipment,4387,3631,756
91369,Food_Beverage,13627,10463,3164
1370,Apparel,8431,5052,3379
1370,Pharmaceuticals,16599,9828,6771
1370,Food_Beverage,13844,10095,3749
91370,Electronics,5675,4680,995
91370,Apparel,15693,7189,8504
91370,Consumer_Goods,4799,3672,1127
1371,Industrial_Equipment,19289,10063,9226
1371,Electronics,6372,3558,2814
1371,Furniture,16879,10833,6046
91371,Food_Beverage,12340,9086,3254
91371,Electronics,18103,14830,3273
91371,Pharmaceuticals,5141,3283,1858
1372,Electronics,5454,2337,3117
1372,Apparel,13537,6089,7448
1372,Food_Beverage,14335,6419,7916
91372,Industrial_Equipment,16575,12568,4007
91372,Automotive_Parts,10340,6548,3792
91372,Consumer_Goods,4545,2015,2530
1374,Industrial_Equipment,19000,9376,9624
1374,Consumer_Goods,18426,8434,9992
1374,Automotive_Parts,14292,7064,7228
91374,Electronics,19979,8224,11755
91374,Consumer_Goods,3594,2004,1590
91374,Pharmaceuticals,2005,1132,873
1375,Electronics,17849,8289,9560
1375,Food_Beverage,13271,9762,3509
1375,Automotive_Parts,9417,5091,4326
91375,Furniture,7821,6156,1665
91375,Consumer_Goods,8384,6991,1393
91375,Industrial_Equipment,6509,3500,3009
1376,Consumer_Goods,5081,3191,1890
1376,Electronics,13014,8871,4143
1376,Apparel,4028,3197,831
91376,Automotive_Parts,9200,6933,2267
91376,Electronics,4861,2165,2696
91376,Pharmaceuticals,12646,8115,4531
1377,Pharmaceuticals,3982,3350,632
1377,Industrial_Equipment,13174,6412,6762
1377,Electronics,5168,2405,2763
91377,Industrial_Equipment,6492,3851,2641
91377,Pharmaceuticals,10126,5334,4792
91377,Food_Beverage,14123,11465,2658
1378,Automotive_Parts,19182,14669,4513
1378,Apparel,15136,11785,3351
1378,Industrial_Equipment,8176,5179,2997
91378,Automotive_Parts,15538,8297,7241
91378,Industrial_Equipment,5939,3362,2577
91378,Pharmaceuticals,12920,5174,7746
1379,Industrial_Equipment,12771,8555,4216
1379,Electronics,2738,1452,1286
1379,Food_Beverage,11911,9971,1940
91379,Food_Beverage,10186,5393,4793
91379,Consumer_Goods,19499,10872,8627
91379,Furniture,3158,1513,1645
1384,Apparel,7449,4095,3354
1384,Consumer_Goods,8207,3834,4373
1384,Automotive_Parts,14066,11509,2557
91384,Automotive_Parts,5144,4216,928
91384,Industrial_Equipment,15603,10891,4712
91384,Apparel,6448,3032,3416
1386,Apparel,4664,1904,2760
1386,Consumer_Goods,14332,11296,3036
1386,Furniture,11022,6025,4997
91386,Electronics,14181,11101,3080
91386,Food_Beverage,15008,10718,4290
91386,Furniture,15538,8904,6634
1387,Pharmaceuticals,14900,12333,2567
1387,Automotive_Parts,5741,3057,2684
1387,Furniture,12235,7589,4646
91387,Industrial_Equipment,16240,10768,5472
91387,Pharmaceuticals,12345,8103,4242
91387,Consumer_Goods,2169,1486,683
1388,Electronics,12340,7573,4767
1388,Consumer_Goods,19676,8466,11210
1388,Food_Beverage,11569,9298,2271
91388,Consumer_Goods,12017,5118,6899
91388,Automotive_Parts,10563,6265,4298
91388,Food_Beverage,12763,9177,3586
1389,Pharmaceuticals,7164,4966,2198
1389,Electronics,9878,4959,4919
1389,Furniture,13288,7948,5340
91389,Electronics,3237,1939,1298
91389,Furniture,6992,4815,2177
91389,Industrial_Equipment,7611,5149,2462
1390,Furniture,15227,11358,3869
1390,Industrial_Equipment,3463,1858,1605
1390,Electronics,3061,1804,1257
91390,Furniture,3280,1479,1801
91390,Consumer_Goods,9541,4943,4598
91390,Apparel,14036,10107,3929
1393,Apparel,9046,6862,2184
1393,Automotive_Parts,13347,7594,5753
1393,Electronics,16111,10959,5152
91393,Consumer_Goods,3462,2061,1401
91393,Food_Beverage,7041,5615,1426
91393,Apparel,5289,3174,2115
1394,Apparel,7197,3535,3662
1394,Consumer_Goods,14718,11182,3536
1394,Food_Beverage,18413,8469,9944
91394,Consumer_Goods,2277,1452,825
91394,Furniture,4263,2107,2156
91394,Industrial_Equipment,4340,3095,1245
1397,Apparel,13829,10710,3119
1397,Industrial_Equipment,19450,15384,4066
1397,Consumer_Goods,13073,7356,5717
91397,Pharmaceuticals,18268,8662,9606
91397,Apparel,19777,14624,5153
91397,Food_Beverage,12405,7027,5378
1399,Industrial_Equipment,5119,3392,1727
1399,Consumer_Goods,17373,7067,10306
1399,Food_Beverage,9570,4128,5442
91399,Apparel,18056,11655,6401
91399,Pharmaceuticals,3534,2263,1271
91399,Furniture,3900,3061,839
1400,Industrial_Equipment,4230,3406,824
1400,Furniture,14005,5940,8065
1400,Electronics,17373,13388,3985
91400,Furniture,15654,10039,5615
91400,Food_Beverage,3608,2910,698
91400,Electronics,9461,7357,2104
1402,Consumer_Goods,15900,10298,5602
1402,Furniture,7766,5503,2263
1402,Electronics,19694,8800,10894
91402,Apparel,19941,8858,11083
91402,Automotive_Parts,19540,14528,5012
91402,Consumer_Goods,3805,1632,2173
1403,Apparel,16408,13072,3336
1403,Electronics,15857,8644,7213
1403,Industrial_Equipment,13709,11074,2635
91403,Furniture,17955,12682,5273
91403,Automotive_Parts,15794,7425,8369
91403,Apparel,18122,15014,3108
1407,Consumer_Goods,18453,10542,7911
1407,Industrial_Equipment,6285,4325,1960
1407,Furniture,14952,11281,3671
91407,Apparel,3217,1551,1666
91407,Food_Beverage,18823,15734,3089
91407,Automotive_Parts,19171,16014,3157
1409,Food_Beverage,15674,11579,4095
1409,Apparel,5514,3717,1797
1409,Electronics,3546,1646,1900
91409,Pharmaceuticals,2956,1288,1668
91409,Furniture,6444,4736,1708
91409,Consumer_Goods,18396,15072,3324
1420,Consumer_Goods,8451,5724,2727
1420,Industrial_Equipment,13586,9996,3590
1420,Pharmaceuticals,8328,6334,1994
91420,Furniture,11486,5749,5737
91420,Food_Beverage,8564,6153,2411
91420,Electronics,2676,1731,945
1422,Industrial_Equipment,19919,16880,3039
1422,Food_Beverage,5299,4184,1115
1422,Automotive_Parts,10369,5284,5085
91422,Electronics,16663,12752,3911
91422,Industrial_Equipment,19976,15361,4615
91422,Food_Beverage,10334,7345,2989
1423,Apparel,15894,10831,5063
1423,Electronics,13887,11224,2663
1423,Automotive_Parts,11348,7907,3441
91423,Pharmaceuticals,12894,9568,3326
91423,Furniture,15246,9588,5658
91423,Automotive_Parts,12158,8840,3318
1425,Consumer_Goods,3125,2311,814
1425,Industrial_Equipment,16682,7233,9449
1425,Food_Beverage,11247,7935,3312
91425,Pharmaceuticals,16288,8715,7573
91425,Furniture,9539,5321,4218
91425,Industrial_Equipment,5634,3293,2341
1427,Consumer_Goods,14976,7162,7814
1427,Pharmaceuticals,10164,4790,5374
1427,Automotive_Parts,8591,6091,2500
91427,Consumer_Goods,16252,11407,4845
91427,Automotive_Parts,17907,9845,8062
91427,Apparel,7370,5114,2256
1428,Apparel,17731,11182,6549
1428,Food_Beverage,17921,8768,9153
1428,Pharmaceuticals,10520,5992,4528
91428,Consumer_Goods,12213,7425,4788
91428,Automotive_Parts,3897,3209,688
91428,Industrial_Equipment,18005,8980,9025
1429,Consumer_Goods,19907,15699,4208
1429,Electronics,3802,1950,1852
1429,Furniture,2426,1017,1409
91429,Pharmaceuticals,11246,7304,3942
91429,Food_Beverage,18846,12640,6206
91429,Industrial_Equipment,6544,2707,3837
1431,Apparel,14114,7754,6360
1431,Consumer_Goods,8667,6257,2410
1431,Industrial_Equipment,16872,7722,9150
91431,Apparel,7209,3271,3938
91431,Consumer_Goods,10511,4987,5524
91431,Food_Beverage,4789,2945,1844
1435,Consumer_Goods,14824,7804,7020
1435,Furniture,5684,2845,2839
1435,Pharmaceuticals,7608,5731,1877
91435,Automotive_Parts,2756,1425,1331
91435,Consumer_Goods,10617,8273,2344
91435,Food_Beverage,4844,2122,2722
1437,Furniture,11319,8843,2476
1437,Electronics,11529,8643,2886
1437,Food_Beverage,2495,1128,1367
91437,Electronics,3100,2402,698
91437,Pharmaceuticals,11722,5418,6304
91437,Industrial_Equipment,2491,1890,601
1439,Consumer_Goods,13437,9145,4292
1439,Pharmaceuticals,12441,5724,6717
1439,Automotive_Parts,7260,6044,1216
91439,Pharmaceuticals,6906,3583,3323
91439,Consumer_Goods,12041,9139,2902
91439,Electronics,12702,9523,3179
1440,Apparel,10383,4196,6187
1440,Food_Beverage,4501,2412,2089
1440,Consumer_Goods,15443,10079,5364
91440,Automotive_Parts,16710,13282,3428
91440,Apparel,6496,5499,997
91440,Consumer_Goods,2826,1445,1381
1441,Automotive_Parts,6815,4420,2395
1441,Consumer_Goods,2372,1369,1003
1441,Industrial_Equipment,6316,4389,1927
91441,Industrial_Equipment,12697,5922,6775
91441,Food_Beverage,8753,3648,5105
91441,Apparel,16690,8660,8030
1442,Apparel,8630,5984,2646
1442,Electronics,18351,11103,7248
1442,Consumer_Goods,8246,4997,3249
91442,Furniture,13539,8742,4797
91442,Consumer_Goods,3529,2472,1057
91442,Electronics,3355,1808,1547
1443,Furniture,10956,5912,5044
1443,Electronics,19449,9885,9564
1443,Industrial_Equipment,14498,10840,3658
91443,Electronics,16385,9396,6989
91443,Furniture,8995,5765,3230
91443,Automotive_Parts,2842,2409,433
1445,Industrial_Equipment,15602,8662,6940
1445,Food_Beverage,17033,11917,5116
1445,Apparel,4884,3054,1830
91445,Electronics,8057,5641,2416
91445,Pharmaceuticals,14217,5960,8257
91445,Automotive_Parts,8591,4897,3694
1447,Pharmaceuticals,3948,2801,1147
1447,Furniture,14290,11554,2736
1447,Food_Beverage,19340,12713,6627
91447,Electronics,16686,13141,3545
91447,Food_Beverage,8432,5101,3331
91447,Automotive_Parts,16739,7590,9149
1448,Consumer_Goods,3097,1933,1164
1448,Food_Beverage,13105,10279,2826
1448,Pharmaceuticals,13796,10378,3418
91448,Electronics,14658,5930,8728
91448,Food_Beverage,5069,2302,2767
91448,Pharmaceuticals,13269,5657,7612
1449,Industrial_Equipment,15389,12725,2664
1449,Apparel,10351,8301,2050
1449,Pharmaceuticals,19621,9022,10599
91449,Food_Beverage,17679,8278,9401
91449,Pharmaceuticals,15076,12297,2779
91449,Apparel,4102,1961,2141
1451,Electronics,4239,1734,2505
1451,Automotive_Parts,18470,14674,3796
1451,Food_Beverage,19893,16124,3769
91451,Industrial_Equipment,9665,5837,3828
91451,Food_Beverage,16361,12281,4080
91451,Apparel,2100,1781,319
1453,Consumer_Goods,9069,4019,5050
1453,Furniture,7711,4826,2885
1453,Pharmaceuticals,6790,4035,2755
91453,Electronics,6054,2496,3558
91453,Pharmaceuticals,8559,3940,4619
91453,Furniture,2688,1765,923
1455,Apparel,13432,7809,5623
1455,Industrial_Equipment,7069,4104,2965
1455,Electronics,4781,2627,2154
91455,Industrial_Equipment,6071,3217,2854
91455,Automotive_Parts,12630,10272,2358
91455,Food_Beverage,4456,1883,2573
1456,Electronics,16595,10547,6048
1456,Furniture,14695,8243,6452
1456,Automotive_Parts,13265,5715,7550
91456,Industrial_Equipment,2595,1706,889
91456,Furniture,13901,6159,7742
91456,Electronics,3499,2659,840
1459,Electronics,8275,6025,2250
1459,Food_Beverage,14305,6471,7834
1459,Pharmaceuticals,3194,2163,1031
91459,Electronics,8741,3752,4989
91459,Consumer_Goods,2987,2052,935
91459,Apparel,11675,5403,6272
1460,Industrial_Equipment,17205,13348,3857
1460,Food_Beverage,15020,12542,2478
1460,Pharmaceuticals,9733,8184,1549
91460,Electronics,12805,5610,7195
91460,Furniture,11290,5842,5448
91460,Food_Beverage,8887,7362,1525
1461,Automotive_Parts,8960,4115,4845
1461,Pharmaceuticals,11597,4640,6957
1461,Electronics,17536,7455,10081
91461,Automotive_Parts,8150,3503,4647
91461,Pharmaceuticals,6458,3295,3163
91461,Apparel,7721,3107,4614
1462,Pharmaceuticals,7174,4939,2235
1462,Electronics,7601,3941,3660
1462,Industrial_Equipment,15052,8250,6802
91462,Industrial_Equipment,5429,2619,2810
91462,Apparel,4918,2386,2532
91462,Automotive_Parts,10010,4709,5301
1464,Pharmaceuticals,13017,9015,4002
1464,Consumer_Goods,9144,5000,4144
1464,Electronics,15919,12946,2973
91464,Industrial_Equipment,14977,8406,6571
91464,Consumer_Goods,18821,11106,7715
91464,Food_Beverage,7094,3147,3947
1465,Food_Beverage,2071,1696,375
1465,Consumer_Goods,4741,3095,1646
1465,Pharmaceuticals,14408,7974,6434
91465,Apparel,13742,9222,4520
91465,Pharmaceuticals,15235,8464,6771
91465,Automotive_Parts,10283,7345,2938
1466,Pharmaceuticals,9059,5368,3691
1466,Furniture,16105,13621,2484
1466,Food_Beverage,9659,6935,2724
91466,Pharmaceuticals,9754,4062,5692
91466,Furniture,19525,14938,4587
91466,Automotive_Parts,11500,8018,3482
1468,Apparel,14950,7746,7204
1468,Consumer_Goods,14739,9947,4792
1468,Electronics,13211,10276,2935
91468,Furniture,10747,4512,6235
91468,Electronics,3920,2958,962
91468,Apparel,9480,4426,5054
1469,Pharmaceuticals,11106,6932,4174
1469,Industrial_Equipment,7578,3665,3913
1469,Furniture,12058,5621,6437
91469,Pharmaceuticals,7218,2989,4229
91469,Industrial_Equipment,4630,1919,2711
91469,Consumer_Goods,17228,12705,4523
1470,Automotive_Parts,6458,3034,3424
1470,Industrial_Equipment,13968,9959,4009
1470,Food_Beverage,11600,5660,5940
91470,Pharmaceuticals,5887,3851,2036
91470,Furniture,2840,1787,1053
91470,Food_Beverage,4626,2086,2540
1471,Pharmaceuticals,10140,6035,4105
1471,Apparel,10298,6389,3909
1471,Industrial_Equipment,18342,14092,4250
91471,Pharmaceuticals,3351,1974,1377
91471,Consumer_Goods,16862,13104,3758
91471,Apparel,14036,9188,4848
1472,Consumer_Goods,2669,2018,651
1472,Electronics,4570,2015,2555
1472,Industrial_Equipment,5006,4114,892
91472,Automotive_Parts,8815,6831,1984
91472,Pharmaceuticals,5312,3151,2161
91472,Food_Beverage,5684,3186,2498
1473,Apparel,13715,6169,7546
1473,Food_Beverage,19089,9742,9347
1473,Consumer_Goods,10679,8524,2155
91473,Electronics,14679,8865,5814
91473,Industrial_Equipment,8659,3754,4905
91473,Automotive_Parts,17090,12996,4094
1475,Apparel,10303,5147,5156
1475,Electronics,13096,5390,7706
1475,Automotive_Parts,12686,5276,7410
91475,Furniture,13815,10188,3627
91475,Industrial_Equipment,9601,7166,2435
91475,Automotive_Parts,3067,1597,1470
1479,Pharmaceuticals,17095,11151,5944
1479,Automotive_Parts,16046,13412,2634
1479,Consumer_Goods,11083,6101,4982
91479,Automotive_Parts,18713,15129,3584
91479,Food_Beverage,19068,8757,10311
91479,Consumer_Goods,19838,15041,4797
1480,Apparel,7019,5856,1163
1480,Furniture,16703,10436,6267
1480,Industrial_Equipment,5679,3604,2075
91480,Pharmaceuticals,3599,2562,1037
91480,Apparel,10047,5598,4449
91480,Automotive_Parts,17275,12424,4851
1482,Apparel,19136,8969,10167
1482,Industrial_Equipment,4500,2824,1676
1482,Automotive_Parts,14453,9237,5216
91482,Automotive_Parts,12805,6452,6353
91482,Furniture,6300,4972,1328
91482,Consumer_Goods,8813,3961,4852
1486,Automotive_Parts,17237,11386,5851
1486,Consumer_Goods,6705,3435,3270
1486,Pharmaceuticals,9254,5520,3734
91486,Automotive_Parts,10450,7689,2761
91486,Electronics,17617,10435,7182
91486,Food_Beverage,8822,4866,3956
1487,Automotive_Parts,17714,14304,3410
1487,Apparel,3673,2215,1458
1487,Consumer_Goods,17854,9423,8431
91487,Consumer_Goods,15086,9393,5693
91487,Industrial_Equipment,15313,11448,3865
91487,Furniture,14398,11715,2683
1490,Electronics,6924,4327,2597
1490,Pharmaceuticals,8282,6826,1456
1490,Industrial_Equipment,7907,4970,2937
91490,Consumer_Goods,13509,8565,4944
91490,Industrial_Equipment,9776,7734,2042
91490,Pharmaceuticals,4322,2427,1895
1491,Food_Beverage,11961,8563,3398
1491,Apparel,10239,4333,5906
1491,Pharmaceuticals,17860,14966,2894
91491,Food_Beverage,5680,3028,2652
91491,Consumer_Goods,14102,7489,6613
91491,Apparel,17763,10804,6959
1492,Consumer_Goods,13854,10236,3618
1492,Pharmaceuticals,13008,10339,2669
1492,Apparel,5119,2682,2437
91492,Food_Beverage,5629,2597,3032
91492,Electronics,11893,6463,5430
91492,Furniture,13268,6103,7165
1493,Consumer_Goods,16277,7649,8628
1493,Automotive_Parts,2386,1828,558
1493,Electronics,12023,5680,6343
91493,Food_Beverage,11443,5579,5864
91493,Electronics,4121,3432,689
91493,Apparel,15036,7426,7610
1494,Consumer_Goods,2324,1722,602
1494,Apparel,11479,9482,1997
1494,Automotive_Parts,9812,6283,3529
91494,Electronics,5652,4493,1159
91494,Industrial_Equipment,13057,7227,5830
91494,Apparel,14436,9203,5233
1495,Food_Beverage,3442,1411,2031
1495,Consumer_Goods,7106,4105,3001
1495,Pharmaceuticals,4060,2476,1584
91495,Industrial_Equipment,9949,4468,5481
91495,Furniture,12680,8490,4190
91495,Electronics,18499,10633,7866
1497,Food_Beverage,17377,11447,5930
1497,Pharmaceuticals,15455,12516,2939
1497,Electronics,10908,8476,2432
91497,Industrial_Equipment,4756,3379,1377
91497,Food_Beverage,11178,7910,3268
91497,Consumer_Goods,10435,7745,2690
1499,Furniture,10834,5667,5167
1499,Automotive_Parts,6767,4980,1787
1499,Electronics,14011,8580,5431
91499,Food_Beverage,14831,7433,7398
91499,Electronics,4869,3514,1355
91499,Industrial_Equipment,15299,7955,7344
